crash_id,target_index,target_timestamp,target_utc,block_number,block_hash,block_timestamp,block_utc,diff_seconds,next_block_number,next_block_timestamp,chainlink_price,oneinch_price,univ3_twap_300_price,univ3_twap_60_price,binance_price,oneinch_gap_pct,univ3_300_gap_pct,binance_gap_pct,chainlink_eth_age_seconds,chainlink_usdc_age_seconds,binance_completion_time,binance_close_time,binance_lag_seconds,chainlink_status,oneinch_status,univ3_300_status,binance_status
crash-1,0,1738504619,2025-02-02T13:56:59+00:00,21759267,0xc19b9959d5f7bd0680310eae1c1a28c7acfe7e0757785c3d7b252c4c102c7a35,1738504619,2025-02-02T13:56:59+00:00,0,21759268,1738504631,3075.821066,3092.360715,3080.357715,3083.439459,3084.69,0.5377,0.1475,0.2883,1176,21384,1738504560,1738504559,59,ok,ok,ok,ok
crash-1,1,1738505219,2025-02-02T14:06:59+00:00,21759317,0x0883a97505f2c153f6c5ae2c11c3c9040d90beb51bd692bce9858eb09b9367a4,1738505219,2025-02-02T14:06:59+00:00,0,21759318,1738505231,3075.821066,3093.305798,3086.215665,3086.215665,3086.99,0.5685,0.3379,0.3631,1776,21984,1738505160,1738505159,59,ok,ok,ok,ok
crash-1,2,1738505819,2025-02-02T14:16:59+00:00,21759367,0x824252048b86f5c3fe05ece309c9e117ded4d25c1dc2052bfb706a110c963ce9,1738505819,2025-02-02T14:16:59+00:00,0,21759368,1738505831,3091.732812,3099.593201,3093.94047,3097.035803,3094.58,0.2542,0.0714,0.0921,420,22584,1738505760,1738505759,59,ok,ok,ok,ok
crash-1,3,1738506419,2025-02-02T14:26:59+00:00,21759417,0x892102df682e7769a4e5cafc19df77c7523cd7c2a10706b7a79abe152b436364,1738506419,2025-02-02T14:26:59+00:00,0,21759418,1738506431,3091.732812,3098.738921,3092.703203,3092.393964,3091.77,0.2266,0.0314,0.0012,1020,23184,1738506360,1738506359,59,ok,ok,ok,ok
crash-1,4,1738507019,2025-02-02T14:36:59+00:00,21759467,0x29cfbdb473ecac90bfd9f245bc10f88531769c3794e31dd8c4d27a0df42de0c7,1738507019,2025-02-02T14:36:59+00:00,0,21759468,1738507031,3091.732812,3101.061839,3095.178232,3096.416489,3097.2,0.3017,0.1114,0.1768,1620,23784,1738506960,1738506959,59,ok,ok,ok,ok
crash-1,5,1738507619,2025-02-02T14:46:59+00:00,21759517,0xf965963d481613dacf3f307add1bc7910ea94ef15efc491b1fc3c9f80e938aeb,1738507619,2025-02-02T14:46:59+00:00,0,21759518,1738507631,3091.732812,3099.424194,3095.48775,3091.466431,3091.19,0.2488,0.1215,-0.0176,2220,24384,1738507560,1738507559,59,ok,ok,ok,ok
crash-1,6,1738508219,2025-02-02T14:56:59+00:00,21759566,0x31ce026976c23171d3992a0f25491c0c097c01d151e545f7dcf0875960554679,1738508219,2025-02-02T14:56:59+00:00,0,21759567,1738508231,3091.732812,3098.736192,3088.99437,3088.685502,3088.29,0.2265,-0.0886,-0.1114,2820,24984,1738508160,1738508159,59,ok,ok,ok,ok
crash-1,7,1738508819,2025-02-02T15:06:59+00:00,21759616,0xebf7e5f5b74598ae0dbb76c162f9418389b110d8480622bd100a2f524cd4e454,1738508819,2025-02-02T15:06:59+00:00,0,21759617,1738508831,3075.448562,3091.003588,3076.971354,3074.818335,3078.32,0.5058,0.0495,0.0934,144,25584,1738508760,1738508759,59,ok,ok,ok,ok
crash-1,8,1738509419,2025-02-02T15:16:59+00:00,21759665,0xdaede04bb9693d5e7ca022e65e9b05092ab9144bca1fce7f90e7cb3928eff8cf,1738509419,2025-02-02T15:16:59+00:00,0,21759666,1738509431,3075.448562,3091.989448,3080.357715,3076.356052,3076.39,0.5378,0.1596,0.0306,744,26184,1738509360,1738509359,59,ok,ok,ok,ok
crash-1,9,1738510019,2025-02-02T15:26:59+00:00,21759715,0x57c5bb559e775d6dc9660e5d0bf43f87d29296312141d77e57d23db9d235399e,1738510019,2025-02-02T15:26:59+00:00,0,21759716,1738510031,3075.448562,3089.025173,3077.279051,3074.203464,3073.39,0.4415,0.0595,-0.0669,1344,26784,1738509960,1738509959,59,ok,ok,ok,ok
crash-1,10,1738510619,2025-02-02T15:36:59+00:00,21759764,0x344ae79637f1521de09bd3ddf5f4466d1c51b6609b0bb827a65e2309a281de4f,1738510619,2025-02-02T15:36:59+00:00,0,21759765,1738510631,3075.448562,3088.77359,3072.052382,3076.663687,3079.64,0.4333,-0.1104,0.1363,1944,27384,1738510560,1738510559,59,ok,ok,ok,ok
crash-1,11,1738511219,2025-02-02T15:46:59+00:00,21759814,0x53a2698964bf9f65bedf73bb3d9e68e86730388c68fad4a10797300df0ca4290,1738511219,2025-02-02T15:46:59+00:00,0,21759815,1738511231,3075.448562,3087.687834,3076.971354,3073.588715,3072.91,0.398,0.0495,-0.0825,2544,27984,1738511160,1738511159,59,ok,ok,ok,ok
crash-1,12,1738511819,2025-02-02T15:56:59+00:00,21759864,0x0dbe2815c14dd01f16b32e292d6aba21d2e132af7037a76b4ea48f1e91b7edf4,1738511819,2025-02-02T15:56:59+00:00,0,21759865,1738511831,3075.448562,3089.801606,3082.514612,3082.822864,3083.28,0.4667,0.2298,0.2546,3144,28584,1738511760,1738511759,59,ok,ok,ok,ok
crash-1,13,1738512419,2025-02-02T16:06:59+00:00,21759914,0xc53ceee2006c14f426f86bedd4f67f1a4146b91e0981bd4d25b4cc85d489d1a8,1738512419,2025-02-02T16:06:59+00:00,0,21759915,1738512431,3072.691034,3087.479279,3074.203464,3073.281387,3073.82,0.4813,0.0492,0.0367,120,29184,1738512360,1738512359,59,ok,ok,ok,ok
crash-1,14,1738513019,2025-02-02T16:16:59+00:00,21759962,0x7a9a9ec7e5f7d61e2e57c6d640ee9c13dce2c60ddbcad3b00dab5e8d58c0f70d,1738513019,2025-02-02T16:16:59+00:00,0,21759963,1738513031,3072.691034,3078.762791,3064.995133,3062.54424,3061.44,0.1976,-0.2505,-0.3662,720,29784,1738512960,1738512959,59,ok,ok,ok,ok
crash-1,15,1738513619,2025-02-02T16:26:59+00:00,21760012,0x9ac8468515a78758ff00df2613a0a4eb865a0ca6d85e60c4f4d52c1d44243e93,1738513619,2025-02-02T16:26:59+00:00,0,21760013,1738513631,3072.691034,3083.537084,3071.438063,3068.368314,3066.31,0.353,-0.0408,-0.2077,1320,30384,1738513560,1738513559,59,ok,ok,ok,ok
crash-1,16,1738514219,2025-02-02T16:36:59+00:00,21760062,0x457c4e429b8b6d68cc5e22559292cd9cf9920c1364b3a5ee09f87d235cd5b3b0,1738514219,2025-02-02T16:36:59+00:00,0,21760063,1738514231,3038.270687,3065.895802,3051.234328,3043.311818,3047.58,0.9092,0.4267,0.3064,0,30984,1738514160,1738514159,59,ok,ok,ok,ok
crash-1,17,1738514819,2025-02-02T16:46:59+00:00,21760111,0xadf12373dc8d19e34634f338bff6cb211b8f6d12ff9cef941cf50b2a443e9c63,1738514819,2025-02-02T16:46:59+00:00,0,21760112,1738514831,3038.270687,3065.371113,3040.27018,3036.320594,3037.03,0.892,0.0658,-0.0408,600,31584,1738514760,1738514759,59,ok,ok,ok,ok
crash-1,18,1738515419,2025-02-02T16:56:59+00:00,21760160,0x458f70dd3cf854ebbff004f002af560c94a2366e397040057252c267d5945771,1738515419,2025-02-02T16:56:59+00:00,0,21760161,1738515431,3022.615502,3047.519878,3021.479755,3017.252854,3016.3,0.8239,-0.0376,-0.2089,444,32184,1738515360,1738515359,59,ok,ok,ok,ok
crash-1,19,1738516019,2025-02-02T17:06:59+00:00,21760209,0x698d586f43e784946a34280b04869b21c14049845bfe4fb082101936af050045,1738516019,2025-02-02T17:06:59+00:00,0,21760210,1738516031,3022.794642,3047.272629,3017.252854,3012.730593,3008.02,0.8098,-0.1833,-0.4888,360,32784,1738515960,1738515959,59,ok,ok,ok,ok
crash-1,20,1738516619,2025-02-02T17:16:59+00:00,21760258,0x6f8e063c1715c27d9e212457b235fadebfb2f8038a5e6a6f0b8a5ee2666f668c,1738516619,2025-02-02T17:16:59+00:00,0,21760259,1738516631,3022.794642,3051.223153,3022.990797,3016.649494,3016.7,0.9405,0.0065,-0.2016,960,33384,1738516560,1738516559,59,ok,ok,ok,ok
crash-1,21,1738517219,2025-02-02T17:26:59+00:00,21760308,0xec73f5164d37a71927a660e0da5f0965c006a27201c76a998cfe86b5cee510b7,1738517219,2025-02-02T17:26:59+00:00,0,21760309,1738517231,3006.590451,3042.254151,3005.809621,3004.307167,3006.7,1.1862,-0.026,0.0036,300,33984,1738517160,1738517159,59,ok,ok,ok,ok
crash-1,22,1738517819,2025-02-02T17:36:59+00:00,21760358,0x12c98bd479d5452d4381c65041841a963f699a83c073b540c35ec6a092a09e03,1738517819,2025-02-02T17:36:59+00:00,0,21760359,1738517831,2985.050149,3022.529482,2997.105835,2978.880046,2984.52,1.2556,0.4039,-0.0178,60,34584,1738517760,1738517759,59,ok,ok,ok,ok
crash-1,23,1738518419,2025-02-02T17:46:59+00:00,21760408,0x3cc54afb665ca1d3578a02379f8f0268503401c0ba3eef6c3ce417c0877e583f,1738518419,2025-02-02T17:46:59+00:00,0,21760409,1738518431,2989.630752,3032.930494,2988.427252,2986.634823,2986.5,1.4483,-0.0403,-0.1047,264,35184,1738518360,1738518359,59,ok,ok,ok,ok
crash-1,24,1738519019,2025-02-02T17:56:59+00:00,21760458,0xc55d7c5c71728db62c26c2f7765b524563d90b2e1b2daa3c897fe0eddef1832b,1738519019,2025-02-02T17:56:59+00:00,0,21760459,1738519031,2974.647507,3021.687687,2974.415298,2977.391053,2980.47,1.5814,-0.0078,0.1957,324,35784,1738518960,1738518959,59,ok,ok,ok,ok
crash-1,25,1738519619,2025-02-02T18:06:59+00:00,21760508,0x58978ad2ac2ea506b21543f1c75962415de18d47e8200c1ac5c09850209cd73f,1738519619,2025-02-02T18:06:59+00:00,0,21760509,1738519631,2974.647507,3019.595173,2972.036837,2977.093343,2981.8,1.511,-0.0878,0.2404,924,36384,1738519560,1738519559,59,ok,ok,ok,ok
crash-1,26,1738520219,2025-02-02T18:16:59+00:00,21760558,0x58c888ab14acdcae0fbf1da414a8de6face03b922714ddaa972604e1fdef32dd,1738520219,2025-02-02T18:16:59+00:00,0,21760559,1738520231,2974.647507,3015.845463,2969.957243,2966.39561,2967.51,1.385,-0.1577,-0.2399,1524,36984,1738520160,1738520159,59,ok,ok,ok,ok
crash-1,27,1738520819,2025-02-02T18:26:59+00:00,21760608,0x20542c1cbc11cc8de0b7b77dd2ef172a1c6d67c74a28a6a0b41e1d99186531ed,1738520819,2025-02-02T18:26:59+00:00,0,21760609,1738520831,2973.099149,3021.71363,2966.692249,2981.860267,2984.71,1.6351,-0.2155,0.3905,108,37584,1738520760,1738520759,59,ok,ok,ok,ok
crash-1,28,1738521419,2025-02-02T18:36:59+00:00,21760658,0xdd489c8e6f4444f85619767bd12db44c99b44eed4a34205ddb0bf8a70869cd16,1738521419,2025-02-02T18:36:59+00:00,0,21760659,1738521431,2973.099149,3011.289796,2965.209348,2961.653408,2960.69,1.2845,-0.2654,-0.4174,708,38184,1738521360,1738521359,59,ok,ok,ok,ok
crash-1,29,1738522019,2025-02-02T18:46:59+00:00,21760708,0x5238572732c158fd3e5d5f7c2dbb947eabcb997d02da7c941732181e0d9996fd,1738522019,2025-02-02T18:46:59+00:00,0,21760709,1738522031,2925.12898,2987.971073,2931.013349,2930.134221,2934.55,2.1484,0.2012,0.3221,108,38784,1738521960,1738521959,59,ok,ok,ok,ok
crash-1,30,1738522619,2025-02-02T18:56:59+00:00,21760758,0x3dd7041406e38e2724b2388d8db1691edfae6bdbddeefc83b4ed7a45253ae491,1738522619,2025-02-02T18:56:59+00:00,0,21760759,1738522631,2925.12898,2987.914668,2923.402993,2922.8184,2921.98,2.1464,-0.059,-0.1077,708,39384,1738522560,1738522559,59,ok,ok,ok,ok
crash-1,31,1738523219,2025-02-02T19:06:59+00:00,21760808,0xe7a8ab6253c5f2e88cb6218001d5b0a057334560e8f9881994a163b46fcbdad7,1738523219,2025-02-02T19:06:59+00:00,0,21760809,1738523231,2925.12898,2981.152117,2921.065323,2918.145863,2914.38,1.9152,-0.1389,-0.3675,1308,39984,1738523160,1738523159,59,ok,ok,ok,ok
crash-1,32,1738523819,2025-02-02T19:16:59+00:00,21760857,0x910d35438093216a77ac23b3f5a7145bb3d03eea91e17f55bc2dd799dd447cd9,1738523819,2025-02-02T19:16:59+00:00,0,21760858,1738523831,2906.409355,2980.697865,2918.437678,2907.369212,2912.79,2.556,0.4139,0.2195,24,40584,1738523760,1738523759,59,ok,ok,ok,ok
crash-1,33,1738524419,2025-02-02T19:26:59+00:00,21760907,0xcb9eedc1076420d7a32361b0972edb7f34baaf03e2e0e8c18e6457bcb08a5731,1738524419,2025-02-02T19:26:59+00:00,0,21760908,1738524431,2906.409355,2973.582088,2905.044362,2905.915963,2909.91,2.3112,-0.047,0.1204,624,41184,1738524360,1738524359,59,ok,ok,ok,ok
crash-1,34,1738525019,2025-02-02T19:36:59+00:00,21760957,0x193d1423552b0a7dad36b7d4d63f73a04ebae97f025f6cb6ea05d145f66a7a49,1738525019,2025-02-02T19:36:59+00:00,0,21760958,1738525031,2940.299697,2993.760424,2939.819151,2935.70649,2932.59,1.8182,-0.0163,-0.2622,288,41784,1738524960,1738524959,59,ok,ok,ok,ok
crash-1,35,1738525619,2025-02-02T19:46:59+00:00,21761006,0x0dd2763167de1102f6722c1431a6eed4e7a8e0befceb20cbd5ca31f0ac87604f,1738525619,2025-02-02T19:46:59+00:00,0,21761007,1738525631,2973.502751,3014.154275,2967.582346,2968.769557,2962.01,1.3671,-0.1991,-0.3865,240,42384,1738525560,1738525559,59,ok,ok,ok,ok
crash-1,36,1738526219,2025-02-02T19:56:59+00:00,21761055,0xf9fd3d2f28eb8809868b463275c62438a30cc2a447622cc00f0327c9e14de7e1,1738526219,2025-02-02T19:56:59+00:00,0,21761056,1738526231,2957.809874,3007.906459,2959.877038,2954.554318,2955.74,1.6937,0.0699,-0.07,168,42984,1738526160,1738526159,59,ok,ok,ok,ok
crash-1,37,1738526819,2025-02-02T20:06:59+00:00,21761104,0x4f8bf4b887304d64f93efdd52856d5290ba9a7d8ac215e6a39b5c2ef7be11a8d,1738526819,2025-02-02T20:06:59+00:00,0,21761105,1738526831,2975.128049,3010.846445,2968.47271,2972.33404,2971.1,1.2006,-0.2237,-0.1354,144,43584,1738526760,1738526759,59,ok,ok,ok,ok
crash-1,38,1738527419,2025-02-02T20:16:59+00:00,21761154,0x8ddf72a59d651c1bbf1a9f2f6ff6b0a94065b74118c53382557b6ca72cb97d08,1738527419,2025-02-02T20:16:59+00:00,0,21761155,1738527431,2975.128049,3020.554099,2977.986561,2983.351495,2984.32,1.5269,0.0961,0.309,744,44184,1738527360,1738527359,59,ok,ok,ok,ok
crash-1,39,1738528019,2025-02-02T20:26:59+00:00,21761204,0xf1df5aeeaa4391153c760868c3c61e7ae69b7ae82dde6c631eb19d02eee0ebc3,1738528019,2025-02-02T20:26:59+00:00,0,21761205,1738528031,2975.128049,3019.777377,2975.902804,2978.284359,2980.55,1.5008,0.026,0.1822,1344,44784,1738527960,1738527959,59,ok,ok,ok,ok
crash-1,40,1738528619,2025-02-02T20:36:59+00:00,21761253,0xaa528184968c525dc000da0383f9455e3ec1b0eeee8e24c80b2f49659beb2f8f,1738528619,2025-02-02T20:36:59+00:00,0,21761254,1738528631,2959.019886,3013.242356,2963.134531,2961.357273,2963.11,1.8324,0.1391,0.1382,108,45384,1738528560,1738528559,59,ok,ok,ok,ok
crash-1,41,1738529219,2025-02-02T20:46:59+00:00,21761303,0x932fc32de8060ce6a40cfc918eaa23f226d1b8c83e664575dec0cfd918bd8431,1738529219,2025-02-02T20:46:59+00:00,0,21761304,1738529231,2959.019886,3005.427524,2955.440772,2951.601388,2952.78,1.5683,-0.121,-0.2109,708,45984,1738529160,1738529159,59,ok,ok,ok,ok
crash-1,42,1738529819,2025-02-02T20:56:59+00:00,21761353,0x3ff84e96a41e41eec146ced6cb22ab60fcd9df095512d4ae65cd7fbadf1b2ac2,1738529819,2025-02-02T20:56:59+00:00,0,21761354,1738529831,2959.019886,2991.940347,2949.241169,2946.588178,2948.01,1.1125,-0.3305,-0.3721,1308,46584,1738529760,1738529759,59,ok,ok,ok,ok
crash-1,43,1738530419,2025-02-02T21:06:59+00:00,21761403,0xce5efcfa3c7d0c43874220f6cf82c029021da020cd0bba82ae5dd857a0543d27,1738530419,2025-02-02T21:06:59+00:00,0,21761404,1738530431,2941.849713,2988.927422,2947.76699,2942.466047,2944.43,1.6003,0.2011,0.0877,348,47184,1738530360,1738530359,59,ok,ok,ok,ok
crash-1,44,1738531019,2025-02-02T21:16:59+00:00,21761453,0x6287f34c7ef4154529614112cf6dd8d8de9b2447c2070079a9df3cb91182f891,1738531019,2025-02-02T21:16:59+00:00,0,21761454,1738531031,2941.849713,2988.421497,2946.882837,2947.177525,2950.09,1.5831,0.1711,0.2801,948,47784,1738530960,1738530959,59,ok,ok,ok,ok
crash-1,45,1738531619,2025-02-02T21:26:59+00:00,21761502,0x9d4322ea3829b025913b9bfc617978fc766e77bb6a18946f4807bb8817e2bb9b,1738531619,2025-02-02T21:26:59+00:00,0,21761503,1738531631,2941.849713,2984.202734,2940.113133,2941.583484,2945.31,1.4397,-0.059,0.1176,1548,48384,1738531560,1738531559,59,ok,ok,ok,ok
crash-1,46,1738532219,2025-02-02T21:36:59+00:00,21761552,0x1b548a264d34ae6de3753ec68d4b80bdb7a3082b87b114569505ee1fb9f474af,1738532219,2025-02-02T21:36:59+00:00,0,21761553,1738532231,2920.364026,2970.147296,2921.94173,2918.437678,2921.51,1.7047,0.054,0.0392,468,48984,1738532160,1738532159,59,ok,ok,ok,ok
crash-1,47,1738532819,2025-02-02T21:46:59+00:00,21761602,0x6af3cfb88915291e9d3b8305ef1324d9ec96b33d8a4540601d90b4bfdbd27ab0,1738532819,2025-02-02T21:46:59+00:00,0,21761603,1738532831,2917.03525,2963.698903,2905.915963,2913.480796,2911.89,1.5997,-0.3812,-0.1764,24,49584,1738532760,1738532759,59,ok,ok,ok,ok
crash-1,48,1738533419,2025-02-02T21:56:59+00:00,21761652,0x9c81869e07d8cd217c044b1c74b8dba2ccae51bb2ff62b0eae578a4e346a60ad,1738533419,2025-02-02T21:56:59+00:00,0,21761653,1738533431,2902.230641,2962.925797,2906.787825,2907.950714,2909.0,2.0913,0.157,0.2332,372,50184,1738533360,1738533359,59,ok,ok,ok,ok
crash-1,49,1738534019,2025-02-02T22:06:59+00:00,21761700,0xc0a6aa47d053eddb8f8175ae9b1433c036ff6ae708dad8da0e78638b3e856301,1738534019,2025-02-02T22:06:59+00:00,0,21761701,1738534031,2917.325653,2971.992235,2922.8184,2923.695333,2927.12,1.8739,0.1883,0.3357,312,50784,1738533960,1738533959,59,ok,ok,ok,ok
crash-1,50,1738534619,2025-02-02T22:16:59+00:00,21761750,0xf2bd3d9870bcb129e020604b92595bd15cc0d0f5f22067048b7e134f84f96eec,1738534619,2025-02-02T22:16:59+00:00,0,21761751,1738534631,2934.68964,2973.369746,2928.669594,2928.083947,2934.0,1.318,-0.2051,-0.0235,204,51384,1738534560,1738534559,59,ok,ok,ok,ok
crash-1,51,1738535219,2025-02-02T22:26:59+00:00,21761799,0xd9558c6f496fec38d98f29b3bd62a5a7071c33c8dd9021f422819c992563a571,1738535219,2025-02-02T22:26:59+00:00,0,21761800,1738535231,2899.402784,2960.539335,2906.206555,2906.787825,2909.18,2.1086,0.2347,0.3372,228,51984,1738535160,1738535159,59,ok,ok,ok,ok
crash-1,52,1738535819,2025-02-02T22:36:59+00:00,21761849,0xbf3d5b22877f5c09e299f9268d68405b8c5b737e8c97e939e6b3f59f47cbab36,1738535819,2025-02-02T22:36:59+00:00,0,21761850,1738535831,2871.128998,2935.258975,2868.385409,2870.393881,2875.09,2.2336,-0.0956,0.138,288,52584,1738535760,1738535759,59,ok,ok,ok,ok
crash-1,53,1738536419,2025-02-02T22:46:59+00:00,21761899,0x2fcc4fc3143e7cc7e261074f30b57bab0010553e403b121cff4a327ec8e2e195,1738536419,2025-02-02T22:46:59+00:00,0,21761900,1738536431,2875.743214,2933.19404,2833.322103,2860.365564,2864.0,1.9978,-1.4751,-0.4084,24,53184,1738536360,1738536359,59,ok,ok,ok,ok
crash-1,54,1738537019,2025-02-02T22:56:59+00:00,21761949,0x3c4518c14d44c234873c549d8d1119fb6cab395e26fbe11f410f719a0d5f5f39,1738537019,2025-02-02T22:56:59+00:00,0,21761950,1738537031,2839.428678,2921.551849,2848.947524,2849.232419,2850.16,2.8922,0.3352,0.3779,192,53784,1738536960,1738536959,59,ok,ok,ok,ok
crash-1,55,1738537619,2025-02-02T23:06:59+00:00,21761999,0xf5968e42a9b9d86018a60b658120d6c726170d859d3b65c5b97afdbb8cf88b33,1738537619,2025-02-02T23:06:59+00:00,0,21762000,1738537631,2833.237989,2906.047977,2830.773388,2825.682833,2832.3,2.5699,-0.087,-0.0331,252,54384,1738537560,1738537559,59,ok,ok,ok,ok
crash-1,56,1738538219,2025-02-02T23:16:59+00:00,21762049,0xd1869f91384afc64ece2f86b22b6cd3e4f9574781572f6f423651243301fa005,1738538219,2025-02-02T23:16:59+00:00,0,21762050,1738538231,2836.502049,2917.374478,2829.075518,2846.669391,2847.81,2.8511,-0.2618,0.3987,108,54984,1738538160,1738538159,59,ok,ok,ok,ok
crash-1,57,1738538819,2025-02-02T23:26:59+00:00,21762099,0xf3df972e9a764bc4162706b24cf6382a6ba908a932c8dd53cca53ff4f5bf3fa6,1738538819,2025-02-02T23:26:59+00:00,0,21762100,1738538831,2791.848198,2783.57506,2818.627801,2813.27776,2808.23,-0.2963,0.9592,0.5868,12,55584,1738538760,1738538759,59,ok,ok,ok,ok
crash-1,58,1738539419,2025-02-02T23:36:59+00:00,21762149,0x3d66368cfcbdac12743085dd9d5e9d4d1fb1a22272339e516f5154b62ca000ae,1738539419,2025-02-02T23:36:59+00:00,0,21762150,1738539431,2818.10865,2806.000673,2825.682833,2824.552842,2821.45,-0.4296,0.2688,0.1186,72,56184,1738539360,1738539359,59,ok,ok,ok,ok
crash-1,59,1738540019,2025-02-02T23:46:59+00:00,21762199,0x7cb4a737c9a5845ce3a6bb20ab9e9cb461d6bfd750ee11ef438e670008d7a023,1738540019,2025-02-02T23:46:59+00:00,0,21762200,1738540031,2838.5646,2820.025115,2846.954058,2850.942385,2850.9,-0.6531,0.2956,0.4346,552,56784,1738539960,1738539959,59,ok,ok,ok,ok
crash-1,60,1738540619,2025-02-02T23:56:59+00:00,21762249,0x0b1c432744e7f2d488cd12712d3696ce64f0a4d455580a0fabb87cb9092c63ec,1738540619,2025-02-02T23:56:59+00:00,0,21762250,1738540631,2856.258661,2827.985922,2861.509882,2862.654657,2862.13,-0.9899,0.1838,0.2056,588,57384,1738540560,1738540559,59,ok,ok,ok,ok
crash-1,61,1738541219,2025-02-03T00:06:59+00:00,21762299,0xec0917e47605f35d60644b5718d2ab5e97ce236840ae14ed22e29993311ef0f8,1738541219,2025-02-03T00:06:59+00:00,0,21762300,1738541231,2856.258661,2829.787395,2858.93581,2862.654657,2861.67,-0.9268,0.0937,0.1895,1188,57984,1738541160,1738541159,59,ok,ok,ok,ok
crash-1,62,1738541819,2025-02-03T00:16:59+00:00,21762348,0x40267005c4c2bdbded9ac2bb7f26cfdf26134ea802f6653df8cf9c0df55a11f9,1738541819,2025-02-03T00:16:59+00:00,0,21762349,1738541831,2837.735816,2816.752637,2851.797754,2841.266124,2842.39,-0.7394,0.4955,0.164,12,58584,1738541760,1738541759,59,ok,ok,ok,ok
crash-1,63,1738542419,2025-02-03T00:26:59+00:00,21762398,0xfa294ac9468b1a6651ad4f1f1bbd4d7c27aa93fc8de018cf938621da2755b5e8,1738542419,2025-02-03T00:26:59+00:00,0,21762399,1738542431,2842.888713,2819.397482,2822.012015,2846.384753,2846.39,-0.8263,-0.7343,0.1232,48,59184,1738542360,1738542359,59,ok,ok,ok,ok
crash-1,64,1738543019,2025-02-03T00:36:59+00:00,21762448,0xdfcbf0012077204f13cc886b46ebe0b098cbfd1048a10ac025dd631e31e6bde5,1738543019,2025-02-03T00:36:59+00:00,0,21762449,1738543031,2825.70854,2803.285452,2821.729842,2821.447698,2816.36,-0.7935,-0.1408,-0.3308,312,59784,1738542960,1738542959,59,ok,ok,ok,ok
crash-1,65,1738543619,2025-02-03T00:46:59+00:00,21762498,0x13fe3582a97dd683c84ebb053d2dcb985f861a8adb01d6bf8144842a3c14d3f9,1738543619,2025-02-03T00:46:59+00:00,0,21762499,1738543631,2792.168201,2793.999225,2799.807056,2807.657108,2798.42,0.0656,0.2736,0.2239,168,60384,1738543560,1738543559,59,ok,ok,ok,ok
crash-1,66,1738544219,2025-02-03T00:56:59+00:00,21762547,0x4a4398d8ec34606e949fdc4ab1a1e1c8a69c45f62ff17cebfe1e8cf9d546d5a5,1738544219,2025-02-03T00:56:59+00:00,0,21762548,1738544231,2829.714584,2812.51097,2834.172185,2838.710263,2838.7,-0.608,0.1575,0.3175,288,60984,1738544160,1738544159,59,ok,ok,ok,ok
crash-1,67,1738544819,2025-02-03T01:06:59+00:00,21762596,0xd16bab6fbf63d085b8ccae50c1590364ee2df56b90e6404b6f54521016c41d3a,1738544819,2025-02-03T01:06:59+00:00,0,21762597,1738544831,2829.714584,2809.988166,2831.905867,2829.641361,2828.19,-0.6971,0.0774,-0.0539,888,61584,1738544760,1738544759,59,ok,ok,ok,ok
crash-1,68,1738545419,2025-02-03T01:16:59+00:00,21762645,0xbef85532e755fab7719b9676474d443775027f9796cd50d263aa180fc2e715c0,1738545419,2025-02-03T01:16:59+00:00,0,21762646,1738545431,2799.41697,2788.494016,2817.500632,2801.48736,2801.89,-0.3902,0.646,0.0883,12,62184,1738545360,1738545359,59,ok,ok,ok,ok
crash-1,69,1738546019,2025-02-03T01:26:59+00:00,21762695,0x5e2b0ad801f51565cad7f363cf103be37b3b36b39deb2cae26cf6b12ea23f424,1738546019,2025-02-03T01:26:59+00:00,0,21762696,1738546031,2799.41697,2783.646288,2791.699782,2788.909617,2792.43,-0.5634,-0.2757,-0.2496,612,62784,1738545960,1738545959,59,ok,ok,ok,ok
crash-1,70,1738546619,2025-02-03T01:36:59+00:00,21762745,0xd0e425805687e8eb439eb067459b829f20ebb50a5829ea87380908ed92e194fd,1738546619,2025-02-03T01:36:59+00:00,0,21762746,1738546631,2783.758116,2773.723745,2788.073111,2779.999815,2777.18,-0.3605,0.155,-0.2363,72,63384,1738546560,1738546559,59,ok,ok,ok,ok
crash-1,71,1738547219,2025-02-03T01:46:59+00:00,21762795,0x6db808dc2d32c0ae2322fde9e96bab655fb87c0af6fae98683173dd1160e89ce,1738547219,2025-02-03T01:46:59+00:00,0,21762796,1738547231,2714.757419,2729.417416,2746.56617,2705.677156,2700.7,0.54,1.1717,-0.5178,48,63984,1738547160,1738547159,59,ok,ok,ok,ok
crash-1,72,1738547819,2025-02-03T01:56:59+00:00,21762844,0xa7f300e93b1eda89b48e7bfb4cce5551a7b5f789d2809fd8eb224cd8d003cfd4,1738547819,2025-02-03T01:56:59+00:00,0,21762845,1738547831,2455.130497,2505.432541,2564.990784,2406.703745,2403.19,2.0489,4.4747,-2.1156,48,64584,1738547760,1738547759,59,ok,ok,ok,ok
crash-1,73,1738548419,2025-02-03T02:06:59+00:00,21762894,0x0dd99c156be58cccc8c8eee7a945c6618299ad80706e291aba7ebd092f7ec514,1738548419,2025-02-03T02:06:59+00:00,0,21762895,1738548431,2453.079975,2545.241243,2436.487506,2436.974828,2474.6,3.757,-0.6764,0.8773,12,65184,1738548360,1738548359,59,ok,ok,ok,ok
crash-1,74,1738549019,2025-02-03T02:16:59+00:00,21762944,0x677699a107f2d3f099b435e98a82c91f2288192fe2456c6ed3a7bc1eae5f61e7,1738549019,2025-02-03T02:16:59+00:00,0,21762945,1738549031,2452.104466,2487.530005,2280.422574,2333.244109,2442.61,1.4447,-7.0014,-0.3872,108,65784,1738548960,1738548959,59,ok,ok,ok,ok
crash-1,75,1738549619,2025-02-03T02:26:59+00:00,21762993,0xb468a893c5a2d3b494542fa5c7ee1c94286a1f6ef5102ea85f612a204d2c8bdc,1738549619,2025-02-03T02:26:59+00:00,0,21762994,1738549631,2515.337329,2566.585364,2474.792801,2493.173272,2504.6,2.0374,-1.6119,-0.4269,24,66384,1738549560,1738549559,59,ok,ok,ok,ok
crash-1,76,1738550219,2025-02-03T02:36:59+00:00,21763043,0xb2e359b8f8b16d0371ab62c245c7263f54ee69608d590f0703d96a876d42f52d,1738550219,2025-02-03T02:36:59+00:00,0,21763044,1738550243,2467.127246,2566.286045,2469.601448,2471.08358,2469.13,4.0192,0.1003,0.0812,144,66984,1738550160,1738550159,59,ok,ok,ok,ok
crash-1,77,1738550819,2025-02-03T02:46:59+00:00,21763092,0x6bef0dc9b81ca62e8c329e94e93e45abc49362d0647a49549895f49c0345cd84,1738550819,2025-02-03T02:46:59+00:00,0,21763093,1738550831,2508.878706,2567.040837,2491.92706,2489.934415,2497.6,2.3183,-0.6757,-0.4496,168,67584,1738550760,1738550759,59,ok,ok,ok,ok
crash-1,78,1738551419,2025-02-03T02:56:59+00:00,21763141,0xb24155ea911bbc928316cab96425eedc0fc7fd09ed3c51fd7c855b6f9fe53f5d,1738551419,2025-02-03T02:56:59+00:00,0,21763142,1738551431,2464.068771,2551.709301,2473.061139,2472.319369,2469.33,3.5567,0.3649,0.2135,84,68184,1738551360,1738551359,59,ok,ok,ok,ok
crash-1,79,1738552019,2025-02-03T03:06:59+00:00,21763191,0xa33b4a1276a2620112c75e1ba2817d0d1caff7787a36d12ecab21c0d2d13efa3,1738552019,2025-02-03T03:06:59+00:00,0,21763192,1738552031,2505.002301,2569.273412,2483.966036,2514.705944,2504.0,2.5657,-0.8398,-0.04,24,68784,1738551960,1738551959,59,ok,ok,ok,ok
crash-1,80,1738552619,2025-02-03T03:16:59+00:00,21763240,0x2ec227392985052f2416dae43b38a7673d0d3671b192755d9bc38629a72dd7d1,1738552619,2025-02-03T03:16:59+00:00,0,21763241,1738552631,2505.94671,2583.91103,2504.667712,2505.419187,2510.41,3.1112,-0.051,0.1781,432,69384,1738552560,1738552559,59,ok,ok,ok,ok
crash-1,81,1738553219,2025-02-03T03:26:59+00:00,21763290,0x306d33c47ae032c67224989c3a28b9dd55b8459facae1699494f014feca9a0bf,1738553219,2025-02-03T03:26:59+00:00,0,21763291,1738553231,2528.488841,2491.285712,2528.321404,2523.017765,2524.18,-1.4714,-0.0066,-0.1704,144,69984,1738553160,1738553159,59,ok,ok,ok,ok
crash-1,82,1738553819,2025-02-03T03:36:59+00:00,21763340,0xaf96319ed6f9f0aa1151ad637261dd1b09c521e29d043b4bf442f3458272c9b4,1738553819,2025-02-03T03:36:59+00:00,0,21763341,1738553831,2513.515387,2487.829223,2515.711977,2513.197648,2512.9,-1.0219,0.0874,-0.0245,564,70584,1738553760,1738553759,59,ok,ok,ok,ok
crash-1,83,1738554419,2025-02-03T03:46:59+00:00,21763389,0x37fb450f4d01febda2c4709d306905015493ecf06c2da22599687a5aea96d087,1738554419,2025-02-03T03:46:59+00:00,0,21763390,1738554431,2529.139344,2493.289673,2516.466766,2525.794472,2526.94,-1.4175,-0.5011,-0.087,24,71184,1738554360,1738554359,59,ok,ok,ok,ok
crash-1,84,1738555019,2025-02-03T03:56:59+00:00,21763439,0x7baae854244757b86c425fa8877ede60a8daf4daa807a7495808122056d68bd4,1738555019,2025-02-03T03:56:59+00:00,0,21763440,1738555031,2529.139344,2501.87038,2537.946821,2533.889555,2530.29,-1.0782,0.3482,0.0455,624,71784,1738554960,1738554959,59,ok,ok,ok,ok
crash-1,85,1738555619,2025-02-03T04:06:59+00:00,21763489,0xc92ae1413cb2b2daf62db4efc982316ba0b8a0fa63b2e176aab8fbfae2eef123,1738555619,2025-02-03T04:06:59+00:00,0,21763490,1738555631,2546.318372,2503.734974,2548.118429,2537.946821,2541.46,-1.6724,0.0707,-0.1908,48,72384,1738555560,1738555559,59,ok,ok,ok,ok
crash-1,86,1738556219,2025-02-03T04:16:59+00:00,21763539,0xa6e77de6820cbccfcbd9ae704f63425b1b58faca64b42e1237ec2f5af798d32d,1738556219,2025-02-03T04:16:59+00:00,0,21763540,1738556231,2515.035402,2485.933942,2511.439113,2508.678187,2509.75,-1.1571,-0.143,-0.2102,288,72984,1738556160,1738556159,59,ok,ok,ok,ok
crash-1,87,1738556819,2025-02-03T04:26:59+00:00,21763588,0x72f164e04c2ac421cf3e4c56d805ead1ac7dfc056736b6f0543a7b13898ba14c,1738556819,2025-02-03T04:26:59+00:00,0,21763589,1738556831,2498.097342,2484.593509,2506.421505,2500.913714,2497.59,-0.5406,0.3332,-0.0203,84,73584,1738556760,1738556759,59,ok,ok,ok,ok
crash-1,88,1738557419,2025-02-03T04:36:59+00:00,21763638,0x0e1dc7b7142088fb846966f362497ad8fa749182546d7611644c279e651463e9,1738557419,2025-02-03T04:36:59+00:00,0,21763639,1738557431,2467.944182,2458.532652,2477.021006,2470.095393,2472.94,-0.3814,0.3678,0.2024,24,74184,1738557360,1738557359,59,ok,ok,ok,ok
crash-1,89,1738558019,2025-02-03T04:46:59+00:00,21763688,0xd5c935a3192ce8f443ecaf33676f91082a195b1f015a88c5d96b598861ec2e1c,1738558019,2025-02-03T04:46:59+00:00,0,21763689,1738558031,2470.984957,2460.483812,2473.308445,2472.319369,2473.5,-0.425,0.094,0.1018,180,74784,1738557960,1738557959,59,ok,ok,ok,ok
crash-1,90,1738558619,2025-02-03T04:56:59+00:00,21763738,0x6bc78a0a04d386b7f460853939fefebf4b77d973abc6f3fe2dfee95797ee0a15,1738558619,2025-02-03T04:56:59+00:00,0,21763739,1738558631,2470.49313,2459.436393,2477.516434,2473.555776,2471.0,-0.4476,0.2843,0.0205,24,75384,1738558560,1738558559,59,ok,ok,ok,ok
crash-1,91,1738559219,2025-02-03T05:06:59+00:00,21763787,0x5d53b3a79d162c6cbcbb7313b37fae2f7c850a9ff4d33b62720203010f24e7d5,1738559219,2025-02-03T05:06:59+00:00,0,21763788,1738559231,2475.197379,2455.903826,2471.824979,2471.824979,2472.84,-0.7795,-0.1362,-0.0952,264,75984,1738559160,1738559159,59,ok,ok,ok,ok
crash-1,92,1738559819,2025-02-03T05:16:59+00:00,21763837,0xda35e6de4e7f168616d176ca02321ba0398c9694f0c2c12aeb68f10ded98f5b8,1738559819,2025-02-03T05:16:59+00:00,0,21763838,1738559831,2475.197379,2455.05246,2471.824979,2472.072161,2475.71,-0.8139,-0.1362,0.0207,864,76584,1738559760,1738559759,59,ok,ok,ok,ok
crash-1,93,1738560419,2025-02-03T05:26:59+00:00,21763887,0x7fc4da51b53a607f622ee61d260c6ce09223361896067e0b8276c0924f3b0661,1738560419,2025-02-03T05:26:59+00:00,0,21763888,1738560431,2491.137484,2471.805589,2479.747091,2490.68147,2485.91,-0.776,-0.4572,-0.2098,24,77184,1738560360,1738560359,59,ok,ok,ok,ok
crash-1,94,1738561019,2025-02-03T05:36:59+00:00,21763937,0x1e9fd1e70745e58b8c029472bd6d4d24d8bfe7b442621f9df345853d4ad7c303,1738561019,2025-02-03T05:36:59+00:00,0,21763938,1738561031,2491.137484,2470.379694,2495.418026,2490.68147,2490.81,-0.8333,0.1718,-0.0131,624,77784,1738560960,1738560959,59,ok,ok,ok,ok
crash-1,95,1738561619,2025-02-03T05:46:59+00:00,21763987,0xc0b6b5e68e3ee4337f9beb98fc0f268706ff9bf7370733b9f31975d5f5065d31,1738561619,2025-02-03T05:46:59+00:00,0,21763988,1738561631,2475.675004,2461.752942,2477.516434,2479.747091,2479.31,-0.5624,0.0744,0.1468,408,78384,1738561560,1738561559,59,ok,ok,ok,ok
crash-1,96,1738562219,2025-02-03T05:56:59+00:00,21764037,0x413cadfab45966d4bb91a7a6e32e9f887b3a903e7f2a64d5d3a6743a0a5b527e,1738562219,2025-02-03T05:56:59+00:00,0,21764038,1738562243,2510.055352,2481.099907,2497.914567,2505.669729,2503.3,-1.1536,-0.4837,-0.2691,24,78984,1738562160,1738562159,59,ok,ok,ok,ok
crash-1,97,1738562819,2025-02-03T06:06:59+00:00,21764086,0xb0f8a914c26117d4e0fa987a04e6f879d26c926bd90a83d31a47e6ca73b4b20c,1738562819,2025-02-03T06:06:59+00:00,0,21764087,1738562831,2493.11518,2474.493942,2495.418026,2493.671932,2487.2,-0.7469,0.0924,-0.2373,204,79584,1738562760,1738562759,59,ok,ok,ok,ok
crash-1,98,1738563419,2025-02-03T06:16:59+00:00,21764136,0xcce29f35477708fa955fbb51ec731549ebe00a970b16efdc4ea53bf95d3f7511,1738563419,2025-02-03T06:16:59+00:00,0,21764137,1738563431,2493.11518,2480.533934,2499.663632,2501.664063,2498.29,-0.5046,0.2627,0.2076,804,80184,1738563360,1738563359,59,ok,ok,ok,ok
crash-1,99,1738564019,2025-02-03T06:26:59+00:00,21764186,0x4d5e2bcceb619d8f98d5795bf242b9c4adb7c4a382b037c19708641b74c7209c,1738564019,2025-02-03T06:26:59+00:00,0,21764187,1738564031,2522.485277,2501.344906,2521.252359,2528.068597,2527.31,-0.8381,-0.0489,0.1913,144,80784,1738563960,1738563959,59,ok,ok,ok,ok
crash-1,100,1738564619,2025-02-03T06:36:59+00:00,21764236,0x0728d5af24d44e9018078e29e95bd3dd6789f9dd734216c6418c8e240bf3293d,1738564619,2025-02-03T06:36:59+00:00,0,21764237,1738564631,2537.67701,2502.097141,2533.12954,2530.850863,2532.22,-1.4021,-0.1792,-0.215,168,81384,1738564560,1738564559,59,ok,ok,ok,ok
crash-1,101,1738565219,2025-02-03T06:46:59+00:00,21764285,0xed471b9889efcbfcbd8d267fe11245d9535d3cbd366b3a99444f980543a76ecd,1738565219,2025-02-03T06:46:59+00:00,0,21764286,1738565231,2520.035452,2489.947118,2515.20891,2515.711977,2513.79,-1.194,-0.1915,-0.2478,480,81984,1738565160,1738565159,59,ok,ok,ok,ok
crash-1,102,1738565819,2025-02-03T06:56:59+00:00,21764335,0xd2ec85e3ddb1fbca87495c687c756ed591ec0879ef585445a07c38885285e7c3,1738565819,2025-02-03T06:56:59+00:00,0,21764336,1738565831,2520.035452,2493.265094,2522.513237,2527.563059,2528.99,-1.0623,0.0983,0.3553,1080,82584,1738565760,1738565759,59,ok,ok,ok,ok
crash-1,103,1738566419,2025-02-03T07:06:59+00:00,21764385,0xa0d285b05a625ef1a02c5554c1c82ad1de0d9b360ef25ea012242ecd48b4b1a8,1738566419,2025-02-03T07:06:59+00:00,0,21764386,1738566431,2533.08792,2503.551245,2536.170968,2537.946821,2538.89,-1.166,0.1217,0.2291,324,83184,1738566360,1738566359,59,ok,ok,ok,ok
crash-1,104,1738567019,2025-02-03T07:16:59+00:00,21764435,0xdec3944b8c3f2c11bf1120d54d6fde9312cafa94191faf765dd885f92e2d07d4,1738567019,2025-02-03T07:16:59+00:00,0,21764436,1738567031,2548.189461,2511.089378,2546.844752,2551.688114,2552.29,-1.4559,-0.0528,0.1609,168,83784,1738566960,1738566959,59,ok,ok,ok,ok
crash-1,105,1738567619,2025-02-03T07:26:59+00:00,21764485,0x51e5057483fb1edc60083b68c4073322e8fe88c85f5aaaa45a969017c8e95001,1738567619,2025-02-03T07:26:59+00:00,0,21764486,1738567631,2561.095131,2524.854832,2560.890286,2565.503808,2563.41,-1.415,-0.008,0.0904,348,84384,1738567560,1738567559,59,ok,ok,ok,ok
crash-1,106,1738568219,2025-02-03T07:36:59+00:00,21764535,0x5ec4aa0c0f5d814117d31e59dfa11b2cb27918163654091704b6ddab3255c0c6,1738568219,2025-02-03T07:36:59+00:00,0,21764536,1738568231,2574.525284,2529.751434,2571.92527,2577.589451,2575.01,-1.7391,-0.101,0.0188,132,84984,1738568160,1738568159,59,ok,ok,ok,ok
crash-1,107,1738568819,2025-02-03T07:46:59+00:00,21764585,0xecbc1f3ce5d29c1036b2fc596fa7c258031b5330fa42123867e48a3d89866930,1738568819,2025-02-03T07:46:59+00:00,0,21764586,1738568831,2600.633801,2548.184124,2595.175906,2596.214132,2595.59,-2.0168,-0.2099,-0.1939,288,85584,1738568760,1738568759,59,ok,ok,ok,ok
crash-1,108,1738569419,2025-02-03T07:56:59+00:00,21764635,0x3032735dbe94bd339231a12929f702897ddade8bd4c2431b39c24904482b04db,1738569419,2025-02-03T07:56:59+00:00,0,21764636,1738569431,2600.633801,2551.882733,2603.753703,2606.879927,2607.59,-1.8746,0.12,0.2675,888,86184,1738569360,1738569359,59,ok,ok,ok,ok
crash-1,109,1738570019,2025-02-03T08:06:59+00:00,21764685,0xc2fb56f42338ba679e1a4a1441d63f65aa471393a53c40de30e3a77b0909b83d,1738570019,2025-02-03T08:06:59+00:00,0,21764686,1738570031,2586.673562,2543.606775,2602.972733,2591.027152,2592.61,-1.6649,0.6301,0.2295,12,372,1738569960,1738569959,59,ok,ok,ok,ok
crash-1,110,1738570619,2025-02-03T08:16:59+00:00,21764735,0x95211a11908b7e35f074c8948dd4ce09f2366d7cceb0a82ec945970bebfb332e,1738570619,2025-02-03T08:16:59+00:00,0,21764736,1738570631,2600.855978,2550.571958,2598.811515,2601.931804,2601.22,-1.9334,-0.0786,0.014,108,972,1738570560,1738570559,59,ok,ok,ok,ok
crash-1,111,1738571219,2025-02-03T08:26:59+00:00,21764783,0xdc9b489fdebfcd9291044828e4cd5ed3e9f6604a56282e0b10fe1ee3cb4e5665,1738571219,2025-02-03T08:26:59+00:00,0,21764784,1738571231,2579.216308,2526.623137,2575.78586,2555.773879,2574.79,-2.0391,-0.133,-0.1716,408,1572,1738571160,1738571159,59,ok,ok,ok,ok
crash-1,112,1738571819,2025-02-03T08:36:59+00:00,21764831,0xd95cb12bb98948e4acaa4b9cfb7b4db52be0276e0cd3030c0421c21811658be1,1738571819,2025-02-03T08:36:59+00:00,0,21764832,1738571831,2551.884011,2508.070029,2550.157637,2542.264783,2545.88,-1.7169,-0.0677,-0.2353,192,2172,1738571760,1738571759,59,ok,ok,ok,ok
crash-1,113,1738572419,2025-02-03T08:46:59+00:00,21764881,0xd94d7564b905c3e14079d7b0a5085a65a756e60185b56c5a5d2c62f950f96288,1738572419,2025-02-03T08:46:59+00:00,0,21764882,1738572431,2546.97381,2514.236763,2546.335459,2549.902647,2549.6,-1.2853,-0.0251,0.1031,288,2772,1738572360,1738572359,59,ok,ok,ok,ok
crash-1,114,1738573019,2025-02-03T08:56:59+00:00,21764930,0x219452eff92cb0fb9519c7bc7097ad622d7a6520b896e296e57ab75c315ef6eb,1738573019,2025-02-03T08:56:59+00:00,0,21764931,1738573031,2559.913659,2523.898966,2563.965045,2569.097849,2569.02,-1.4069,0.1583,0.3557,228,3372,1738572960,1738572959,59,ok,ok,ok,ok
crash-1,115,1738573619,2025-02-03T09:06:59+00:00,21764980,0xde6d9f8ac85d567b40afec696802c7844c563577c6a9de4a65f3a23abf4bb9ea,1738573619,2025-02-03T09:06:59+00:00,0,21764981,1738573631,2590.911755,2548.383196,2595.954537,2602.972733,2605.09,-1.6415,0.1946,0.5472,252,3972,1738573560,1738573559,59,ok,ok,ok,ok
crash-1,116,1738574219,2025-02-03T09:16:59+00:00,21765030,0xa683a0355e46d3f1a776ae524605ed09b399a6883392b077e01b8600f326c261,1738574219,2025-02-03T09:16:59+00:00,0,21765031,1738574231,2604.793964,2547.128134,2600.371192,2595.435424,2596.26,-2.2138,-0.1698,-0.3276,588,4572,1738574160,1738574159,59,ok,ok,ok,ok
crash-1,117,1738574819,2025-02-03T09:26:59+00:00,21765078,0x6896eb471f275f499c14aafa1c5e839549f5b4bb377cce46c5ca2f123adcdf0d,1738574819,2025-02-03T09:26:59+00:00,0,21765079,1738574831,2588.954487,2537.330752,2582.74953,2586.10912,2589.4,-1.994,-0.2397,0.0172,48,5172,1738574760,1738574759,59,ok,ok,ok,ok
crash-1,118,1738575419,2025-02-03T09:36:59+00:00,21765126,0xce0a89afccf467babaeb9db9461c77f9e42e0c743641b2e9e3fa3a99e1f5d889,1738575419,2025-02-03T09:36:59+00:00,0,21765127,1738575431,2588.954487,2539.763668,2593.360009,2587.919939,2585.0,-1.9,0.1702,-0.1527,648,5772,1738575360,1738575359,59,ok,ok,ok,ok
crash-1,119,1738576019,2025-02-03T09:46:59+00:00,21765176,0x735357e7252d14c1bc363f50bcf7602cf189faa415eeeb2a0998b6dfdb067ba1,1738576019,2025-02-03T09:46:59+00:00,0,21765177,1738576031,2588.954487,2542.076117,2591.804538,2588.437549,2589.98,-1.8107,0.1101,0.0396,1248,6372,1738575960,1738575959,59,ok,ok,ok,ok
crash-1,120,1738576619,2025-02-03T09:56:59+00:00,21765226,0xbbc65213b0312ae0444ed7ffc9da563e4b66ff12a64791aa229f6b616dc5bdff,1738576619,2025-02-03T09:56:59+00:00,0,21765227,1738576631,2575.393227,2535.903143,2588.437549,2579.652244,2579.2,-1.5334,0.5065,0.1478,48,6972,1738576560,1738576559,59,ok,ok,ok,ok
crash-1,121,1738577219,2025-02-03T10:06:59+00:00,21765276,0x42005d1b8c27f22c4ead05ce79484211efa1ebbacad1f7cb176650cd0ce1deaf,1738577219,2025-02-03T10:06:59+00:00,0,21765277,1738577231,2575.393227,2533.174387,2577.07401,2575.27078,2575.09,-1.6393,0.0653,-0.0118,648,7572,1738577160,1738577159,59,ok,ok,ok,ok
crash-1,122,1738577819,2025-02-03T10:16:59+00:00,21765326,0xe6926b57fba86ca0ea8be1f7aa4fece9fa01d996872941ba957b66866a18a6c7,1738577819,2025-02-03T10:16:59+00:00,0,21765327,1738577831,2575.393227,2572.513604,2577.589451,2580.426217,2582.59,-0.1118,0.0853,0.2794,1248,8172,1738577760,1738577759,59,ok,ok,ok,ok
crash-1,123,1738578419,2025-02-03T10:26:59+00:00,21765375,0xafcb393f661f280018adb220eb1dcfc5dfd6241ee98ca6713215c00a9435f5f1,1738578419,2025-02-03T10:26:59+00:00,0,21765376,1738578431,2588.994686,2579.611739,2585.074935,2592.063718,2589.29,-0.3624,-0.1514,0.0114,48,8772,1738578360,1738578359,59,ok,ok,ok,ok
crash-1,124,1738579019,2025-02-03T10:36:59+00:00,21765425,0x9532cef905c938c1075c350cab2603c456f74f7e1d46f9d65c478fc71f2349d2,1738579019,2025-02-03T10:36:59+00:00,0,21765426,1738579031,2602.464613,2586.554116,2596.214132,2600.631229,2599.08,-0.6114,-0.2402,-0.1301,12,9372,1738578960,1738578959,59,ok,ok,ok,ok
crash-1,125,1738579619,2025-02-03T10:46:59+00:00,21765475,0x02e152be7f38b54aee892fc9b9910e817af8ea172d35a02cae2f770cd75f230b,1738579619,2025-02-03T10:46:59+00:00,0,21765476,1738579631,2602.464613,2586.179786,2598.55166,2595.435424,2596.79,-0.6257,-0.1504,-0.218,612,9972,1738579560,1738579559,59,ok,ok,ok,ok
crash-1,126,1738580219,2025-02-03T10:56:59+00:00,21765524,0xa27bd226f45292473759fcbc4ca058927bcefe73c5b4a37a7ed5279f84cab31d,1738580219,2025-02-03T10:56:59+00:00,0,21765525,1738580231,2602.464613,2592.797762,2605.837435,2609.748929,2607.7,-0.3714,0.1296,0.2012,1212,10572,1738580160,1738580159,59,ok,ok,ok,ok
crash-1,127,1738580819,2025-02-03T11:06:59+00:00,21765574,0xd278e96e0e651aa9ee31e270537fc423db6cef158df05740edb05a77212a17a2,1738580819,2025-02-03T11:06:59+00:00,0,21765575,1738580831,2602.464613,2587.933097,2600.631229,2598.811515,2596.72,-0.5584,-0.0704,-0.2207,1812,11172,1738580760,1738580759,59,ok,ok,ok,ok
crash-1,128,1738581419,2025-02-03T11:16:59+00:00,21765624,0x261575a57ad2d93c0b86a3779512acddafab019a2628123efae1e4e43e9dff8e,1738581419,2025-02-03T11:16:59+00:00,0,21765625,1738581431,2602.464613,2586.851935,2598.55166,2596.733401,2596.22,-0.5999,-0.1504,-0.2399,2412,11772,1738581360,1738581359,59,ok,ok,ok,ok
crash-1,129,1738582019,2025-02-03T11:26:59+00:00,21765674,0x399cc09b516abbd0410c99f11424454400de35ea495082b120db4cbba4ac8db7,1738582019,2025-02-03T11:26:59+00:00,0,21765675,1738582031,2604.063988,2592.807993,2606.619265,2606.619265,2606.2,-0.4322,0.0981,0.082,252,12372,1738581960,1738581959,59,ok,ok,ok,ok
crash-1,130,1738582619,2025-02-03T11:36:59+00:00,21765724,0x6c72dfc445221efa9027928d0c8c6e92ab9f78331d82f362d1375546ae6ae14f,1738582619,2025-02-03T11:36:59+00:00,0,21765725,1738582631,2604.063988,2587.398773,2599.071396,2596.733401,2595.59,-0.64,-0.1917,-0.3254,852,12972,1738582560,1738582559,59,ok,ok,ok,ok
crash-1,131,1738583219,2025-02-03T11:46:59+00:00,21765774,0x91d990e990182479d1b952d9304eb20fdbb7fe87cac0e3a346e44d83cdd12951,1738583219,2025-02-03T11:46:59+00:00,0,21765775,1738583231,2589.505169,2578.979474,2586.10912,2589.214158,2590.99,-0.4065,-0.1311,0.0573,456,13572,1738583160,1738583159,59,ok,ok,ok,ok
crash-1,132,1738583819,2025-02-03T11:56:59+00:00,21765824,0x92d4636cbc890a11d3365b745607b97391130c45318a0715ec6bf476d6ba9cfa,1738583819,2025-02-03T11:56:59+00:00,0,21765825,1738583831,2589.505169,2577.215502,2583.524433,2583.266106,2581.41,-0.4746,-0.231,-0.3126,1056,14172,1738583760,1738583759,59,ok,ok,ok,ok
crash-1,133,1738584419,2025-02-03T12:06:59+00:00,21765873,0xc8d0ba2cc9ac68c70117e25c0a2ed2211d42264c36b169f1e29a9492ef54a974,1738584419,2025-02-03T12:06:59+00:00,0,21765874,1738584431,2589.505169,2585.527392,2595.694967,2600.631229,2601.31,-0.1536,0.239,0.4559,1656,14772,1738584360,1738584359,59,ok,ok,ok,ok
crash-1,134,1738585019,2025-02-03T12:16:59+00:00,21765923,0xfc2bd3dee3d33f1a83c3ae3e541901fe432780a157860512d5f8b3d1df51467d,1738585019,2025-02-03T12:16:59+00:00,0,21765924,1738585031,2620.248674,2601.279599,2608.444446,2617.066099,2613.49,-0.7239,-0.4505,-0.2579,12,15372,1738584960,1738584959,59,ok,ok,ok,ok
crash-1,135,1738585619,2025-02-03T12:26:59+00:00,21765973,0xc41ca9e99ac5307e844a8a14ee878ea3fb9db0055ae2f875e0d3985c39be7d80,1738585619,2025-02-03T12:26:59+00:00,0,21765974,1738585631,2620.248674,2603.425762,2624.666226,2622.567437,2623.14,-0.642,0.1686,0.1103,612,15972,1738585560,1738585559,59,ok,ok,ok,ok
crash-1,136,1738586219,2025-02-03T12:36:59+00:00,21766023,0x4e239d23a0e5b02ab872c381e6faea7c3c1fd90b4612a49abe30b08e56edaa1a,1738586219,2025-02-03T12:36:59+00:00,0,21766024,1738586231,2620.248674,2604.275352,2621.518673,2624.666226,2624.29,-0.6096,0.0485,0.1542,1212,16572,1738586160,1738586159,59,ok,ok,ok,ok
crash-1,137,1738586819,2025-02-03T12:46:59+00:00,21766073,0x52c4015cd60f0caa263b1385d64d2ad130d00ce6a91864299a5e5dab35ad911d,1738586819,2025-02-03T12:46:59+00:00,0,21766074,1738586831,2602.734032,2590.162919,2612.359853,2604.014079,2602.03,-0.483,0.3698,-0.027,36,17172,1738586760,1738586759,59,ok,ok,ok,ok
crash-1,138,1738587419,2025-02-03T12:56:59+00:00,21766123,0x24cf943d8262da4ba2fa31f9c7329702f77cf5864f54b6543ba3865c9c976984,1738587419,2025-02-03T12:56:59+00:00,0,21766124,1738587431,2589.324475,2579.60532,2591.804538,2587.661173,2587.59,-0.3754,0.0958,-0.067,132,17772,1738587360,1738587359,59,ok,ok,ok,ok
crash-1,139,1738588019,2025-02-03T13:06:59+00:00,21766172,0x4848b87d5fa871bc16404e356681567875d3c927b11c0b29c15c278693840e06,1738588019,2025-02-03T13:06:59+00:00,0,21766173,1738588031,2589.324475,2580.503088,2586.88503,2591.804538,2589.9,-0.3407,-0.0942,0.0222,732,18372,1738587960,1738587959,59,ok,ok,ok,ok
crash-1,140,1738588619,2025-02-03T13:16:59+00:00,21766221,0x8ad9e390b562d65de430350e2ef81f1ac6e0bdf96f021825d7abd163ac6115b9,1738588619,2025-02-03T13:16:59+00:00,0,21766222,1738588631,2574.105677,2571.521722,2575.013279,2575.27078,2574.36,-0.1004,0.0353,0.0099,240,18972,1738588560,1738588559,59,ok,ok,ok,ok
crash-1,141,1738589219,2025-02-03T13:26:59+00:00,21766270,0x23f1ba39cfe1cbe1f3c54a4c1379db4260805e6d54caab91831ed1b4ad38b314,1738589219,2025-02-03T13:26:59+00:00,0,21766271,1738589231,2574.105677,2566.166967,2575.528307,2569.611694,2570.41,-0.3084,0.0553,-0.1436,840,19572,1738589160,1738589159,59,ok,ok,ok,ok
crash-1,142,1738589819,2025-02-03T13:36:59+00:00,21766320,0xe05e9d5dc19de8565455ec2f3078ff94086bf00e2c31d0d34a272d953fe734bc,1738589819,2025-02-03T13:36:59+00:00,0,21766321,1738589831,2561.208203,2560.405424,2562.170987,2560.122172,2561.2,-0.0313,0.0376,-0.0003,492,20172,1738589760,1738589759,59,ok,ok,ok,ok
crash-1,143,1738590419,2025-02-03T13:46:59+00:00,21766370,0x588ab2793b49402c466110f1ea14ddf2cedb43e325f3a6060b13cb24523440fb,1738590419,2025-02-03T13:46:59+00:00,0,21766371,1738590431,2575.670426,2568.627156,2576.301043,2574.755803,2576.22,-0.2735,0.0245,0.0213,276,20772,1738590360,1738590359,59,ok,ok,ok,ok
crash-1,144,1738591019,2025-02-03T13:56:59+00:00,21766420,0x7ebab835b189d59494020650f25dc54b9a3c75d90041411a026f554f4933ccec,1738591019,2025-02-03T13:56:59+00:00,0,21766421,1738591031,2562.745353,2564.818121,2566.273536,2565.503808,2565.79,0.0809,0.1377,0.1188,72,21372,1738590960,1738590959,59,ok,ok,ok,ok
crash-2,0,1740425159,2025-02-24T19:25:59+00:00,21918256,0xd50e0925482a570f68d9e8387cc868cd922ccfcaacb369746144db5ea33a3e9d,1740425159,2025-02-24T19:25:59+00:00,0,21918257,1740425171,2656.292975,2657.698893,2653.430128,2653.430128,2652.27,0.0529,-0.1078,-0.1515,3480,41136,1740425100,1740425099,59,ok,ok,ok,ok
crash-2,1,1740425759,2025-02-24T19:35:59+00:00,21918306,0x4955fccabaa58a2fb384dbb38964454d69d32cc3b83f1c648088f800b9ea37c7,1740425759,2025-02-24T19:35:59+00:00,0,21918307,1740425771,2649.324696,2655.261037,2652.369021,2650.248081,2645.1,0.2241,0.1149,-0.1595,444,41736,1740425700,1740425699,59,ok,ok,ok,ok
crash-2,2,1740426359,2025-02-24T19:45:59+00:00,21918356,0x0ab58ccab6c18554ada93461c2e3bc08c9536736b5ec5b1670e8c7402c24f98d,1740426359,2025-02-24T19:45:59+00:00,0,21918357,1740426371,2635.322835,2642.05449,2635.712453,2627.029371,2625.19,0.2554,0.0148,-0.3845,180,42336,1740426300,1740426299,59,ok,ok,ok,ok
crash-2,3,1740426959,2025-02-24T19:55:59+00:00,21918405,0x1a524e9b19287f7d34b396f2375fd0d5c020751eda68f77c937e9b1ee881f580,1740426959,2025-02-24T19:55:59+00:00,0,21918406,1740426971,2635.322835,2645.163355,2639.66879,2640.19675,2641.32,0.3734,0.1649,0.2276,780,42936,1740426900,1740426899,59,ok,ok,ok,ok
crash-2,4,1740427559,2025-02-24T20:05:59+00:00,21918455,0x8b0c4b1edaecb1d3190da5a814e3018ee29eeceeba2997b1336f355cb82c8dee,1740427559,2025-02-24T20:05:59+00:00,0,21918456,1740427571,2649.277898,2653.349857,2646.275887,2650.513105,2651.06,0.1537,-0.1133,0.0673,84,43536,1740427500,1740427499,59,ok,ok,ok,ok
crash-2,5,1740428159,2025-02-24T20:15:59+00:00,21918504,0xa600d32fffa139ba8c73f5d0b7c090779294ba366e782f3d8621bac32e0d69e1,1740428159,2025-02-24T20:15:59+00:00,0,21918505,1740428171,2649.277898,2657.198842,2654.226237,2655.022584,2653.65,0.299,0.1868,0.165,684,44136,1740428100,1740428099,59,ok,ok,ok,ok
crash-2,6,1740428759,2025-02-24T20:25:59+00:00,21918554,0x30c65255f23eeaf658b2fe2eb95ece1e417695df2edb003b1bd4a07ad7f27185,1740428759,2025-02-24T20:25:59+00:00,0,21918555,1740428771,2649.277898,2656.645037,2653.164812,2650.248081,2649.38,0.2781,0.1467,0.0039,1284,44736,1740428700,1740428699,59,ok,ok,ok,ok
crash-2,7,1740429359,2025-02-24T20:35:59+00:00,21918604,0x2d856055b32a57958dc1ec32a98ed32edf932decd6a424ac808f62be8ff3b687,1740429359,2025-02-24T20:35:59+00:00,0,21918605,1740429371,2649.277898,2660.056011,2653.695471,2660.603711,2660.22,0.4068,0.1667,0.413,1884,45336,1740429300,1740429299,59,ok,ok,ok,ok
crash-2,8,1740429959,2025-02-24T20:45:59+00:00,21918654,0xd238189efbc0ea967f44480c8d17cb6b7a86a84c2dbe33425efff67fdff11b87,1740429959,2025-02-24T20:45:59+00:00,0,21918655,1740429971,2649.277898,2659.474193,2658.210364,2655.819171,2654.97,0.3849,0.3372,0.2149,2484,45936,1740429900,1740429899,59,ok,ok,ok,ok
crash-2,9,1740430559,2025-02-24T20:55:59+00:00,21918704,0xaf43c4e506e897b9df663c671f3e97b1b40bbe765b91a31d8a4051b3952793f5,1740430559,2025-02-24T20:55:59+00:00,0,21918705,1740430571,2645.94083,2654.888487,2653.430128,2646.540515,2646.29,0.3382,0.283,0.0132,84,46536,1740430500,1740430499,59,ok,ok,ok,ok
crash-2,10,1740431159,2025-02-24T21:05:59+00:00,21918754,0x5b85971542f01b6535ea20343f26ed42bf0ce19eab6505256852cd6886c41ca5,1740431159,2025-02-24T21:05:59+00:00,0,21918755,1740431171,2632.588736,2644.543442,2639.932757,2634.394992,2636.93,0.4541,0.279,0.1649,12,47136,1740431100,1740431099,59,ok,ok,ok,ok
crash-2,11,1740431759,2025-02-24T21:15:59+00:00,21918804,0xcd3480beb7498bbec9189a3f6f9725c0786c1e402c32bc9338f2fc67beca0faa,1740431759,2025-02-24T21:15:59+00:00,0,21918805,1740431771,2632.588736,2643.400211,2632.288424,2632.025221,2630.61,0.4107,-0.0114,-0.0752,612,47736,1740431700,1740431699,59,ok,ok,ok,ok
crash-2,12,1740432359,2025-02-24T21:25:59+00:00,21918853,0xc42806f52f0fb70f014ce5431b092650059c00041e6fbb17d013edf11d2c2d54,1740432359,2025-02-24T21:25:59+00:00,0,21918854,1740432371,2647.326659,2653.554322,2644.953146,2650.778157,2650.03,0.2352,-0.0897,0.1021,84,48336,1740432300,1740432299,59,ok,ok,ok,ok
crash-2,13,1740432959,2025-02-24T21:35:59+00:00,21918903,0x332d59215929eb8deaf2ba9e12573e73262342bce956e56b2c58ffc13dbc51b1,1740432959,2025-02-24T21:35:59+00:00,0,21918904,1740432971,2647.326659,2656.851699,2656.084753,2654.226237,2654.18,0.3598,0.3308,0.2589,684,48936,1740432900,1740432899,59,ok,ok,ok,ok
crash-2,14,1740433559,2025-02-24T21:45:59+00:00,21918953,0x0e63f143222be0d38dacd704c1272a9c88b53f0e58c6d0a728dd4bb6f331bd0c,1740433559,2025-02-24T21:45:59+00:00,0,21918954,1740433571,2647.326659,2654.730947,2650.513105,2648.923354,2649.96,0.2797,0.1204,0.0995,1284,49536,1740433500,1740433499,59,ok,ok,ok,ok
crash-2,15,1740434159,2025-02-24T21:55:59+00:00,21919003,0xd83da64035dfe12547644a480dcab8e1cc946e5122e52e640c879ca5095143a9,1740434159,2025-02-24T21:55:59+00:00,0,21919004,1740434171,2647.326659,2651.673648,2641.781264,2644.953146,2645.82,0.1642,-0.2095,-0.0569,1884,50136,1740434100,1740434099,59,ok,ok,ok,ok
crash-2,16,1740434759,2025-02-24T22:05:59+00:00,21919052,0x2a8915f63ce08b046f6f5a8c6f6b9303316ec38753dddbe9f6373766485201b6,1740434759,2025-02-24T22:05:59+00:00,0,21919053,1740434771,2591.993145,2615.079702,2603.753703,2588.955263,2582.52,0.8907,0.4537,-0.3655,144,50736,1740434700,1740434699,59,ok,ok,ok,ok
crash-2,17,1740435359,2025-02-24T22:15:59+00:00,21919102,0xf412db32cd5a0282179de95e325529642834b395bcf4650a675eafa27e1daf53,1740435359,2025-02-24T22:15:59+00:00,0,21919103,1740435371,2571.329566,2593.874391,2566.273536,2566.016935,2565.46,0.8768,-0.1966,-0.2283,264,51336,1740435300,1740435299,59,ok,ok,ok,ok
crash-2,18,1740435959,2025-02-24T22:25:59+00:00,21919152,0xf35071110ea23ba05874f01f1d237d68342a8cab207048f0b2f5b2e6f7880ac2,1740435959,2025-02-24T22:25:59+00:00,0,21919153,1740435971,2571.329566,2603.997915,2571.153847,2579.394305,2576.38,1.2705,-0.0068,0.1964,864,51936,1740435900,1740435899,59,ok,ok,ok,ok
crash-2,19,1740436559,2025-02-24T22:35:59+00:00,21919202,0xfcda5b1d12286bb9cfd5c0fe2c6ac99e8bf768da86d1a842f4c5b1a11defe9fd,1740436559,2025-02-24T22:35:59+00:00,0,21919203,1740436571,2588.648757,2611.721693,2589.47308,2591.286255,2591.46,0.8913,0.0318,0.1086,552,52536,1740436500,1740436499,59,ok,ok,ok,ok
crash-2,20,1740437159,2025-02-24T22:45:59+00:00,21919252,0x14e9ca134ffa1988e6f2c8b1ea40a005ddd658f94da6170e524b491b18c38e0a,1740437159,2025-02-24T22:45:59+00:00,0,21919253,1740437171,2573.125615,2600.684003,2575.528307,2575.27078,2575.78,1.071,0.0934,0.1032,408,53136,1740437100,1740437099,59,ok,ok,ok,ok
crash-2,21,1740437759,2025-02-24T22:55:59+00:00,21919301,0xfb28d50ecda8c783f685b54dee715e8dd86a750cd71e96c07c124f6ae6469fff,1740437759,2025-02-24T22:55:59+00:00,0,21919302,1740437771,2536.918882,2582.893218,2553.73018,2552.453697,2553.36,1.8122,0.6627,0.6481,48,53736,1740437700,1740437699,59,ok,ok,ok,ok
crash-2,22,1740438359,2025-02-24T23:05:59+00:00,21919351,0x0a8d4af75321db9462c817e2233107eba8fab55d52230d53bb7c0796207705a6,1740438359,2025-02-24T23:05:59+00:00,0,21919352,1740438371,2524.418788,2563.03211,2514.957414,2526.804942,2530.26,1.5296,-0.3748,0.2314,84,54336,1740438300,1740438299,59,ok,ok,ok,ok
crash-2,23,1740438959,2025-02-24T23:15:59+00:00,21919401,0x4666cf7fd3a3b2a78835d84c491418f1f0b01172746a2e04f5009b492accfaf3,1740438959,2025-02-24T23:15:59+00:00,0,21919402,1740438971,2537.598782,2575.340632,2542.010582,2539.469969,2536.84,1.4873,0.1739,-0.0299,408,54936,1740438900,1740438899,59,ok,ok,ok,ok
crash-2,24,1740439559,2025-02-24T23:25:59+00:00,21919451,0x1cc56250c876d7fe6419ab70fe39eb349ec37ddad9148516ec012527085db8eb,1740439559,2025-02-24T23:25:59+00:00,0,21919452,1740439571,2524.668685,2569.739252,2536.170968,2526.804942,2528.94,1.7852,0.4556,0.1692,24,55536,1740439500,1740439499,59,ok,ok,ok,ok
crash-2,25,1740440159,2025-02-24T23:35:59+00:00,21919501,0xe9954746b3acb229713b939450751c75449623e00bd22df7c870a8e288676080,1740440159,2025-02-24T23:35:59+00:00,0,21919502,1740440171,2509.928795,2511.290158,2514.957414,2502.414637,2505.44,0.0542,0.2003,-0.1788,108,56136,1740440100,1740440099,59,ok,ok,ok,ok
crash-2,26,1740440759,2025-02-24T23:45:59+00:00,21919551,0x419bc5611a92a1fd2d58b38a562eb7d386958982cb59a13f3986abb7cddb52db,1740440759,2025-02-24T23:45:59+00:00,0,21919552,1740440771,2526.598787,2527.303414,2526.804942,2528.068597,2528.05,0.0279,0.0082,0.0574,264,56736,1740440700,1740440699,59,ok,ok,ok,ok
crash-2,27,1740441359,2025-02-24T23:55:59+00:00,21919601,0x7e03ac99411f66d9859f7b586653a836cc72e9ab9536863fbd463bbf842dddc2,1740441359,2025-02-24T23:55:59+00:00,0,21919602,1740441371,2511.218795,2516.821151,2509.430866,2512.946354,2514.41,0.2231,-0.0712,0.1271,324,57336,1740441300,1740441299,59,ok,ok,ok,ok
crash-2,28,1740441959,2025-02-25T00:05:59+00:00,21919650,0xc87ed8db54d42fbb705a453d0d517229874ae3da97a9e66609290b8e3a9caafe,1740441959,2025-02-25T00:05:59+00:00,0,21919651,1740441971,2524.202277,2522.801641,2522.765488,2518.984366,2515.89,-0.0555,-0.0569,-0.3293,204,57936,1740441900,1740441899,59,ok,ok,ok,ok
crash-2,29,1740442559,2025-02-25T00:15:59+00:00,21919699,0xa8c1af31edb73c122233523656116f7deee375cf2b16417d0a0ed2eef5b95af3,1740442559,2025-02-25T00:15:59+00:00,0,21919700,1740442571,2472.758813,2491.159793,2479.747091,2474.792801,2467.79,0.7441,0.2826,-0.2009,108,58536,1740442500,1740442499,59,ok,ok,ok,ok
crash-2,30,1740443159,2025-02-25T00:25:59+00:00,21919749,0xa44080355520a1496e110cc53e6af48e7448ca9be6f1440a798f60a6825097fb,1740443159,2025-02-25T00:25:59+00:00,0,21919750,1740443171,2524.460938,2522.314208,2517.473504,2520.24411,2522.42,-0.085,-0.2768,-0.0808,84,59136,1740443100,1740443099,59,ok,ok,ok,ok
crash-2,31,1740443759,2025-02-25T00:35:59+00:00,21919799,0xfe7d5baf58e51d9ef71722d0909338d20a9b3200b8764bccacdaeaed610e0dd0,1740443759,2025-02-25T00:35:59+00:00,0,21919800,1740443771,2497.824301,2508.723419,2503.916462,2498.913883,2500.81,0.4363,0.2439,0.1195,108,59736,1740443700,1740443699,59,ok,ok,ok,ok
crash-2,32,1740444359,2025-02-25T00:45:59+00:00,21919849,0xa76dba55a8ccf11d25a4326f53405986fb7ec52821f6326adf7609c9ccdd1d8d,1740444359,2025-02-25T00:45:59+00:00,0,21919850,1740444371,2497.824301,2499.849816,2493.671932,2487.19713,2489.99,0.0811,-0.1662,-0.3136,708,60336,1740444300,1740444299,59,ok,ok,ok,ok
crash-2,33,1740444959,2025-02-25T00:55:59+00:00,21919899,0xfdc0690eb1bf2c7d0ab01d06860cf607d7e311bc06849375451d2342400b8e6b,1740444959,2025-02-25T00:55:59+00:00,0,21919900,1740444971,2510.391295,2513.259376,2507.925734,2504.918179,2502.77,0.1142,-0.0982,-0.3036,228,60936,1740444900,1740444899,59,ok,ok,ok,ok
crash-2,34,1740445559,2025-02-25T01:05:59+00:00,21919949,0x3bf44e1dbc08a65cb1b4776f1e998135c153d24dde714a25fb127506220a10fb,1740445559,2025-02-25T01:05:59+00:00,0,21919950,1740445571,2496.985201,2499.11914,2490.930538,2486.699765,2485.92,0.0855,-0.2425,-0.4431,384,61536,1740445500,1740445499,59,ok,ok,ok,ok
crash-2,35,1740446159,2025-02-25T01:15:59+00:00,21919999,0xf308703ffdf6cad02a3f301d0ca9b88b4d6926c7cf549a521319d116d778d61e,1740446159,2025-02-25T01:15:59+00:00,0,21920000,1740446171,2481.342879,2505.39417,2486.202499,2494.420108,2494.2,0.9693,0.1958,0.5182,576,62136,1740446100,1740446099,59,ok,ok,ok,ok
crash-2,36,1740446759,2025-02-25T01:25:59+00:00,21920049,0x04a2efc928133c19a338978021598db4e5a653bf1c8b7787d25bb8da5859a0d0,1740446759,2025-02-25T01:25:59+00:00,0,21920050,1740446771,2500.7888,2512.078562,2498.414175,2506.421505,2504.8,0.4514,-0.095,0.1604,108,62736,1740446700,1740446699,59,ok,ok,ok,ok
crash-2,37,1740447359,2025-02-25T01:35:59+00:00,21920099,0x549878b997607704242f878fca3210f3a81aa41b0f6cfacb3303fc8543df719d,1740447359,2025-02-25T01:35:59+00:00,0,21920100,1740447371,2500.7888,2511.901673,2506.421505,2504.918179,2507.01,0.4444,0.2252,0.2488,708,63336,1740447300,1740447299,59,ok,ok,ok,ok
crash-2,38,1740447959,2025-02-25T01:45:59+00:00,21920149,0x4ecbf535ca912de1b7af0a46a7a5a7838537dc0c8d8c0befe62ff7c219504b25,1740447959,2025-02-25T01:45:59+00:00,0,21920150,1740447971,2500.7888,2512.697667,2508.678187,2505.669729,2507.0,0.4762,0.3155,0.2484,1308,63936,1740447900,1740447899,59,ok,ok,ok,ok
crash-2,39,1740448559,2025-02-25T01:55:59+00:00,21920199,0x15cf2759259e1ca1cd2254260d1d90364a9dbb5cc8b869db5c08f2c77130cc74,1740448559,2025-02-25T01:55:59+00:00,0,21920200,1740448571,2486.978306,2502.599735,2489.934415,2488.93869,2489.39,0.6281,0.1189,0.097,108,64536,1740448500,1740448499,59,ok,ok,ok,ok
crash-2,40,1740449159,2025-02-25T02:05:59+00:00,21920249,0x300086941415f59b30bc5f370709d1c4539d486cf3a9c7807b9e2da46bc693b4,1740449159,2025-02-25T02:05:59+00:00,0,21920250,1740449171,2500.1823,2513.80399,2503.415753,2504.166853,2504.17,0.5448,0.1293,0.1595,288,65136,1740449100,1740449099,59,ok,ok,ok,ok
crash-2,41,1740449759,2025-02-25T02:15:59+00:00,21920299,0x3d71ca243725044da2646113976af840ee496820b12c81b34c90e0e1d5f45ba2,1740449759,2025-02-25T02:15:59+00:00,0,21920300,1740449783,2486.698806,2500.537824,2490.183408,2486.202499,2486.0,0.5565,0.1401,-0.0281,108,65736,1740449700,1740449699,59,ok,ok,ok,ok
crash-2,42,1740450359,2025-02-25T02:25:59+00:00,21920348,0x6030c8182a2b25556aab9d59fb7c15df247ba0b1ba1c06b51df3786c16d697b5,1740450359,2025-02-25T02:25:59+00:00,0,21920349,1740450371,2486.698806,2499.435993,2482.972698,2486.699765,2486.62,0.5122,-0.1498,-0.0032,708,66336,1740450300,1740450299,59,ok,ok,ok,ok
crash-2,43,1740450959,2025-02-25T02:35:59+00:00,21920398,0x17a7686ec16796b655a5e008e3a53142d08a7eaad41a1fb9df76045d56c1b048,1740450959,2025-02-25T02:35:59+00:00,0,21920399,1740450971,2503.206998,2509.215016,2499.163775,2502.915145,2502.31,0.24,-0.1615,-0.0358,108,66936,1740450900,1740450899,59,ok,ok,ok,ok
crash-2,44,1740451559,2025-02-25T02:45:59+00:00,21920448,0x6e90f69e6fdab5256b426f0f2e392936028dd4c950e100de3788d1bd2aaaef47,1740451559,2025-02-25T02:45:59+00:00,0,21920449,1740451571,2503.206998,2518.254708,2509.681809,2513.448968,2512.56,0.6011,0.2587,0.3736,708,67536,1740451500,1740451499,59,ok,ok,ok,ok
crash-2,45,1740452159,2025-02-25T02:55:59+00:00,21920498,0x22018c50a6998b77030952e3f928c62e3e3387116b8170a3cd0ca40d2e40cef6,1740452159,2025-02-25T02:55:59+00:00,0,21920499,1740452171,2517.605992,2521.676428,2518.228821,2521.000259,2520.58,0.1617,0.0247,0.1181,588,68136,1740452100,1740452099,59,ok,ok,ok,ok
crash-2,46,1740452759,2025-02-25T03:05:59+00:00,21920548,0x34f6961a1e6e38e9b5af965d979e7a6cb284d0095e7755cb5052a6b1266488ff,1740452759,2025-02-25T03:05:59+00:00,0,21920549,1740452771,2517.605992,2517.498534,2511.941426,2509.681809,2510.3,-0.0043,-0.225,-0.2902,1188,68736,1740452700,1740452699,59,ok,ok,ok,ok
crash-2,47,1740453359,2025-02-25T03:15:59+00:00,21920598,0x3206413c20e2faf7da7ca04b5475dff39275f076a0b7114e1f75bfab11057db1,1740453359,2025-02-25T03:15:59+00:00,0,21920599,1740453371,2504.585998,2509.653854,2500.413606,2498.414175,2498.33,0.2023,-0.1666,-0.2498,492,69336,1740453300,1740453299,59,ok,ok,ok,ok
crash-2,48,1740453959,2025-02-25T03:25:59+00:00,21920648,0xd2a81e89bc30f5a3e4c14b7d09c1432bb6a3e0d0d91dd688f446cc12ba099652,1740453959,2025-02-25T03:25:59+00:00,0,21920649,1740453971,2491.508804,2504.055313,2493.921299,2494.919017,2494.1,0.5036,0.0968,0.104,288,69936,1740453900,1740453899,59,ok,ok,ok,ok
crash-2,49,1740454559,2025-02-25T03:35:59+00:00,21920698,0x3ff3a5dcadfd68da04483241255a87c8dd1825ffd051dcb3fffa91451a89c8a1,1740454559,2025-02-25T03:35:59+00:00,0,21920699,1740454571,2491.508804,2501.457833,2496.416343,2490.930538,2491.1,0.3993,0.197,-0.0164,888,70536,1740454500,1740454499,59,ok,ok,ok,ok
crash-2,50,1740455159,2025-02-25T03:45:59+00:00,21920748,0x517e5b82a2d281273d5f8308f81bc16f35b2a02d3dee8289211ef39bdb86f235,1740455159,2025-02-25T03:45:59+00:00,0,21920749,1740455171,2491.508804,2505.090459,2499.913599,2501.664063,2499.99,0.5451,0.3373,0.3404,1488,71136,1740455100,1740455099,59,ok,ok,ok,ok
crash-2,51,1740455759,2025-02-25T03:55:59+00:00,21920797,0xd52fb4d731c953a28f508c7675a4a91ff2d80d939854cc771fd4c53acb6de8b4,1740455759,2025-02-25T03:55:59+00:00,0,21920798,1740455771,2504.366951,2510.200879,2508.427344,2505.920296,2507.04,0.233,0.1621,0.1067,552,71736,1740455700,1740455699,59,ok,ok,ok,ok
crash-2,52,1740456359,2025-02-25T04:05:59+00:00,21920846,0x41cf4ec9d4ffe3ddcd2b6a6ca67babd8aeffc004c98b4768913658e955ff5dae,1740456359,2025-02-25T04:05:59+00:00,0,21920847,1740456371,2491.658287,2501.355767,2490.68147,2490.432427,2489.23,0.3892,-0.0392,-0.0975,312,72336,1740456300,1740456299,59,ok,ok,ok,ok
crash-2,53,1740456959,2025-02-25T04:15:59+00:00,21920896,0xda6ed9ef8f842b8cb31cce4fa5246dc88040b39ecf14e42f272d976085776d39,1740456959,2025-02-25T04:15:59+00:00,0,21920897,1740456971,2491.658287,2501.563488,2487.19713,2492.176252,2493.09,0.3975,-0.179,0.0575,912,72936,1740456900,1740456899,59,ok,ok,ok,ok
crash-2,54,1740457559,2025-02-25T04:25:59+00:00,21920944,0x0aec74696796fecd82bfb995b02dbf65a686eebb5d51ba9c610441bd10748d06,1740457559,2025-02-25T04:25:59+00:00,0,21920945,1740457571,2491.658287,2505.487411,2502.164421,2500.663648,2501.22,0.555,0.4217,0.3837,1512,73536,1740457500,1740457499,59,ok,ok,ok,ok
crash-2,55,1740458159,2025-02-25T04:35:59+00:00,21920994,0xe9abcf4775741695ed7f85561f07cedc08de809b6d2eb7aa826df01099d444ea,1740458159,2025-02-25T04:35:59+00:00,0,21920995,1740458171,2491.658287,2496.880377,2486.202499,2484.462854,2485.9,0.2096,-0.219,-0.2311,2112,74136,1740458100,1740458099,59,ok,ok,ok,ok
crash-2,56,1740458759,2025-02-25T04:45:59+00:00,21921044,0x4dc78a9e41ae90b4984c5b360b787bda43b2eaee4c6fae32ad1e9e9a735f8465,1740458759,2025-02-25T04:45:59+00:00,0,21921045,1740458771,2491.658287,2502.098236,2495.418026,2494.420108,2495.59,0.419,0.1509,0.1578,2712,74736,1740458700,1740458699,59,ok,ok,ok,ok
crash-2,57,1740459359,2025-02-25T04:55:59+00:00,21921094,0xc052175a6f4763cd7e872fac5d639c070e2df9b2df3990701fa5cbc0e5372b0f,1740459359,2025-02-25T04:55:59+00:00,0,21921095,1740459371,2491.658287,2504.076408,2497.415059,2498.164359,2498.34,0.4984,0.231,0.2682,3312,75336,1740459300,1740459299,59,ok,ok,ok,ok
crash-2,58,1740459959,2025-02-25T05:05:59+00:00,21921143,0xe5116e2298fce80b61190e900e814b9e489bfbfcee83bb13b8eb34685e044cff,1740459959,2025-02-25T05:05:59+00:00,0,21921144,1740459971,2490.238805,2502.515562,2490.183408,2493.671932,2493.73,0.493,-0.0022,0.1402,276,75936,1740459900,1740459899,59,ok,ok,ok,ok
crash-2,59,1740460559,2025-02-25T05:15:59+00:00,21921193,0x17a7a4e4754f16021875cae1d4ee778079888cf4aeec4edb5aadfc87dbfcb276,1740460559,2025-02-25T05:15:59+00:00,0,21921194,1740460571,2490.238805,2505.819737,2500.16359,2500.413606,2500.51,0.6257,0.3985,0.4125,876,76536,1740460500,1740460499,59,ok,ok,ok,ok
crash-2,60,1740461159,2025-02-25T05:25:59+00:00,21921243,0xf0d3e588b0a07f8208cc664b3cf8e36d4469af6b5b2ea24397bef04820831f69,1740461159,2025-02-25T05:25:59+00:00,0,21921244,1740461171,2502.938799,2511.741329,2508.929055,2510.434789,2510.58,0.3517,0.2393,0.3053,576,77136,1740461100,1740461099,59,ok,ok,ok,ok
crash-2,61,1740461759,2025-02-25T05:35:59+00:00,21921293,0x3190888a214485262571faa2837be7fd145aa5c02d47faec6da187060e1806e1,1740461759,2025-02-25T05:35:59+00:00,0,21921294,1740461771,2502.938799,2510.494086,2508.176527,2507.424224,2508.19,0.3019,0.2093,0.2098,1176,77736,1740461700,1740461699,59,ok,ok,ok,ok
crash-2,62,1740462359,2025-02-25T05:45:59+00:00,21921343,0xe252459bb3a90810e9d594623dec30b73daf194a2f7f77d85347bb44711d019f,1740462359,2025-02-25T05:45:59+00:00,0,21921344,1740462371,2502.938799,2510.157181,2503.666095,2504.41727,2506.09,0.2884,0.0291,0.1259,1776,78336,1740462300,1740462299,59,ok,ok,ok,ok
crash-2,63,1740462959,2025-02-25T05:55:59+00:00,21921391,0xa3138dc1051a6e970d44010920a244498e1b8acb97c258519b27a9eb32e833a6,1740462947,2025-02-25T05:55:47+00:00,12,21921392,1740462971,2502.938799,2510.207649,2503.666095,2504.166853,2504.4,0.2904,0.0291,0.0584,2364,78924,1740462900,1740462899,47,ok,ok,ok,ok
crash-2,64,1740463559,2025-02-25T06:05:59+00:00,21921441,0x4ffa39e783a8ac6ff254db98791fe31d63fc4fb2e2fb2073bdfae9bc044ac889,1740463559,2025-02-25T06:05:59+00:00,0,21921442,1740463571,2502.938799,2506.422588,2501.413922,2495.667568,2495.4,0.1392,-0.0609,-0.3012,2976,79536,1740463500,1740463499,59,ok,ok,ok,ok
crash-2,65,1740464159,2025-02-25T06:15:59+00:00,21921491,0x9209c0d636c825ef9eeae61400e5984033f9ced0124c2b102cbb525b9b8d1be8,1740464159,2025-02-25T06:15:59+00:00,0,21921492,1740464171,2502.938799,2503.497538,2492.42547,2493.173272,2493.12,0.0223,-0.42,-0.3923,3576,80136,1740464100,1740464099,59,ok,ok,ok,ok
crash-2,66,1740464759,2025-02-25T06:25:59+00:00,21921541,0xd7dbedb5ff964e81ee620bf9027435fe40cb7fbea47ebc37b5bb3b9ade9aaaa4,1740464759,2025-02-25T06:25:59+00:00,0,21921542,1740464771,2491.308006,2505.307534,2499.913599,2498.414175,2498.64,0.5619,0.3454,0.2943,552,80736,1740464700,1740464699,59,ok,ok,ok,ok
crash-2,67,1740465359,2025-02-25T06:35:59+00:00,21921590,0xad59237ef1f67f68b2e2d0db119f679f4220805a647b82fe6e94fc0182869564,1740465359,2025-02-25T06:35:59+00:00,0,21921591,1740465371,2491.308006,2501.974942,2492.42547,2489.187584,2490.99,0.4282,0.0449,-0.0128,1152,81336,1740465300,1740465299,59,ok,ok,ok,ok
crash-2,68,1740465959,2025-02-25T06:45:59+00:00,21921640,0x051019d69ba321c56d2c074ec23342bacc3237fad94e4bcd9ef5fb7205749ad8,1740465959,2025-02-25T06:45:59+00:00,0,21921641,1740465971,2491.308006,2502.597323,2492.674713,2493.42259,2494.5,0.4531,0.0549,0.1281,1752,81936,1740465900,1740465899,59,ok,ok,ok,ok
crash-2,69,1740466559,2025-02-25T06:55:59+00:00,21921690,0xbd085bc06bb45f03ce21b3b996f0c682d6ec9d033cc3534d99af5a1a8072e3f1,1740466559,2025-02-25T06:55:59+00:00,0,21921691,1740466571,2491.308006,2496.429121,2485.456788,2481.483435,2482.69,0.2056,-0.2349,-0.3459,2352,82536,1740466500,1740466499,59,ok,ok,ok,ok
crash-2,70,1740467159,2025-02-25T07:05:59+00:00,21921740,0x87219380ebc2e55ee46d6dce8c835d9164a5acf809940911f1404a05aa72e065,1740467159,2025-02-25T07:05:59+00:00,0,21921741,1740467171,2478.39881,2485.747567,2474.050511,2467.626656,2467.79,0.2965,-0.1754,-0.4281,276,83136,1740467100,1740467099,59,ok,ok,ok,ok
crash-2,71,1740467759,2025-02-25T07:15:59+00:00,21921790,0x40af119dcb0a8b5f6c2939d8eae4a1d887db60fe856debd163f59f09a49effc0,1740467759,2025-02-25T07:15:59+00:00,0,21921791,1740467771,2418.038839,2427.503413,2424.820972,2425.30596,2425.01,0.3914,0.2805,0.2883,96,83736,1740467700,1740467699,59,ok,ok,ok,ok
crash-2,72,1740468359,2025-02-25T07:25:59+00:00,21921840,0x4ae1353c1c50a295312c1bf3e90d0bdb845ffb5ab5d111a9ac97e0fe64c01cea,1740468359,2025-02-25T07:25:59+00:00,0,21921841,1740468371,2325.958284,2360.299527,2411.521728,2369.215424,2389.1,1.4764,3.6786,2.7147,12,84336,1740468300,1740468299,59,ok,ok,ok,ok
crash-2,73,1740468959,2025-02-25T07:35:59+00:00,21921890,0xf71420366332467bb0a105eed91cf41475cfde6e6b4f095c05303c3229e87dc2,1740468959,2025-02-25T07:35:59+00:00,0,21921891,1740468971,2344.822006,2372.86261,2355.514431,2336.746426,2339.5,1.1959,0.456,-0.227,96,84936,1740468900,1740468899,59,ok,ok,ok,ok
crash-2,74,1740469559,2025-02-25T07:45:59+00:00,21921939,0x9246d5aa17211b53162568f33a4dc5d7b8d6309a77a61797010266ee4b778420,1740469559,2025-02-25T07:45:59+00:00,0,21921940,1740469571,2373.948861,2393.956539,2362.354995,2368.504801,2369.04,0.8428,-0.4884,-0.2068,72,85536,1740469500,1740469499,59,ok,ok,ok,ok
crash-2,75,1740470159,2025-02-25T07:55:59+00:00,21921989,0x8b13549839cb773bca6a2290b7173e3fa7a1304adb9579a141d7eeeb1152cf59,1740470159,2025-02-25T07:55:59+00:00,0,21921990,1740470171,2388.068854,2396.462662,2381.328679,2379.424473,2384.0,0.3515,-0.2822,-0.1704,396,86136,1740470100,1740470099,59,ok,ok,ok,ok
crash-2,76,1740470759,2025-02-25T08:05:59+00:00,21922039,0xf58dcfa53cef95ea86e7b000358a650a33105e388f9aec167b8d387ed3a4da2c,1740470759,2025-02-25T08:05:59+00:00,0,21922040,1740470771,2381.970593,2398.974735,2375.38309,2384.664707,2387.38,0.7139,-0.2766,0.2271,132,312,1740470700,1740470699,59,ok,ok,ok,ok
crash-2,77,1740471359,2025-02-25T08:15:59+00:00,21922089,0x25ca421418f4c61c1d43d523cac70286713a15b66c6523b5bfc2050d186d6088,1740471359,2025-02-25T08:15:59+00:00,0,21922090,1740471371,2381.970593,2401.803074,2387.050445,2389.677514,2388.9,0.8326,0.2133,0.2909,732,912,1740471300,1740471299,59,ok,ok,ok,ok
crash-2,78,1740471959,2025-02-25T08:25:59+00:00,21922139,0x8d05de0d5843d3c8c970cbbdb7c1fa722927f649331ee9c2a947d9e8c118d21f,1740471959,2025-02-25T08:25:59+00:00,0,21922140,1740471971,2408.965264,2412.614704,2404.057959,2402.616028,2402.51,0.1515,-0.2037,-0.268,300,1512,1740471900,1740471899,59,ok,ok,ok,ok
crash-2,79,1740472559,2025-02-25T08:35:59+00:00,21922189,0xfe2112d260446d877bbaeccf2d64212a82a34bcfc5c692b3fd3d848dcb2ef592,1740472559,2025-02-25T08:35:59+00:00,0,21922190,1740472571,2408.965264,2416.973171,2410.798416,2410.798416,2410.8,0.3324,0.0761,0.0762,900,2112,1740472500,1740472499,59,ok,ok,ok,ok
crash-2,80,1740473159,2025-02-25T08:45:59+00:00,21922237,0xc762c4e4c9f06c3c4a18d3120173882fe8fe00ea7f4112472dcdcfaeed1a3806,1740473159,2025-02-25T08:45:59+00:00,0,21922238,1740473171,2408.965264,2416.637401,2408.388943,2411.2806,2412.5,0.3185,-0.0239,0.1467,1500,2712,1740473100,1740473099,59,ok,ok,ok,ok
crash-2,81,1740473759,2025-02-25T08:55:59+00:00,21922285,0x22a423af3ff50f838b4d4ba7cbf15bfd356f773838b1622d3d4e424b240ce90a,1740473759,2025-02-25T08:55:59+00:00,0,21922286,1740473771,2408.965264,2412.987346,2403.096576,2403.336885,2402.68,0.167,-0.2436,-0.2609,2100,3312,1740473700,1740473699,59,ok,ok,ok,ok
crash-2,82,1740474359,2025-02-25T09:05:59+00:00,21922335,0xb818242279b962c118fd6988b714281c290403a6b30030f6b7b6da72dbbef046,1740474359,2025-02-25T09:05:59+00:00,0,21922336,1740474371,2396.250051,2412.107463,2401.655222,2406.222476,2406.8,0.6618,0.2256,0.4403,336,3912,1740474300,1740474299,59,ok,ok,ok,ok
crash-2,83,1740474959,2025-02-25T09:15:59+00:00,21922385,0x8154891e2a2bc3cbcc121162b0571c845469a86ba6f4d57a791e4fe794d1077f,1740474959,2025-02-25T09:15:59+00:00,0,21922386,1740474971,2408.375075,2409.116474,2400.214733,2398.05562,2397.73,0.0308,-0.3388,-0.442,456,4512,1740474900,1740474899,59,ok,ok,ok,ok
crash-2,84,1740475559,2025-02-25T09:25:59+00:00,21922434,0x3b42a7d503cda1d91bf28a6d3d59998459dd478edf2f15a36ca1601c5487337b,1740475559,2025-02-25T09:25:59+00:00,0,21922435,1740475571,2394.663452,2403.354709,2389.19965,2389.19965,2390.8,0.3629,-0.2282,-0.1613,552,5112,1740475500,1740475499,59,ok,ok,ok,ok
crash-2,85,1740476159,2025-02-25T09:35:59+00:00,21922482,0x5ca590562f2ece5aac91bf6d8a69f214ba2469d5354ff6cc7b485b618dba5a11,1740476159,2025-02-25T09:35:59+00:00,0,21922483,1740476171,2382.460616,2402.168147,2388.721882,2390.872592,2390.8,0.8272,0.2628,0.35,396,5712,1740476100,1740476099,59,ok,ok,ok,ok
crash-2,86,1740476759,2025-02-25T09:45:59+00:00,21922532,0x19d01ab4587175bb6944283fddf797457e6dee8734b38da56132f227ea0a9ad0,1740476759,2025-02-25T09:45:59+00:00,0,21922533,1740476771,2397.033752,2405.107514,2394.940329,2392.546705,2391.4,0.3368,-0.0873,-0.235,516,6312,1740476700,1740476699,59,ok,ok,ok,ok
crash-2,87,1740477359,2025-02-25T09:55:59+00:00,21922581,0x0e4b8b35cd882f507c2b509da7e1000b581a8f51f224c84f16e8c78a61556803,1740477359,2025-02-25T09:55:59+00:00,0,21922582,1740477371,2381.324183,2399.776322,2384.664707,2382.757834,2383.72,0.7749,0.1403,0.1006,120,6912,1740477300,1740477299,59,ok,ok,ok,ok
crash-2,88,1740477959,2025-02-25T10:05:59+00:00,21922631,0x4934963ef01cf354bbf4084431272208fe3bad4d8289b9fd7b09347030e5aff5,1740477959,2025-02-25T10:05:59+00:00,0,21922632,1740477971,2397.563819,2408.371831,2388.721882,2401.415081,2403.4,0.4508,-0.3688,0.2434,96,7512,1740477900,1740477899,59,ok,ok,ok,ok
crash-2,89,1740478559,2025-02-25T10:15:59+00:00,21922681,0x5e47ac802dd979deb6f86a8c47707ef0e0cde6ea837a84be48d76b52717dad77,1740478559,2025-02-25T10:15:59+00:00,0,21922682,1740478571,2384.247358,2395.596732,2380.138372,2377.284062,2374.79,0.476,-0.1723,-0.3967,276,8112,1740478500,1740478499,59,ok,ok,ok,ok
crash-2,90,1740479159,2025-02-25T10:25:59+00:00,21922731,0x3bd7ef758099f396202e7a698cd64bf742f783f68d4e1169fd9b4455a5ef3bbe,1740479159,2025-02-25T10:25:59+00:00,0,21922732,1740479171,2371.915369,2384.748995,2365.19138,2365.427899,2367.0,0.5411,-0.2835,-0.2072,420,8712,1740479100,1740479099,59,ok,ok,ok,ok
crash-2,91,1740479759,2025-02-25T10:35:59+00:00,21922781,0xe8dd38e2495e9d4bd9a1c895cac254aa6918f440e47261fd06891a7458090689,1740479759,2025-02-25T10:35:59+00:00,0,21922782,1740479771,2400.840256,2410.992234,2399.734762,2403.817577,2405.1,0.4229,-0.046,0.1774,180,9312,1740479700,1740479699,59,ok,ok,ok,ok
crash-2,92,1740480359,2025-02-25T10:45:59+00:00,21922831,0xa7528ce3abb626577e5d123b703b5fcd91ecb10b1ea71819002ce09a6c5d0273,1740480359,2025-02-25T10:45:59+00:00,0,21922832,1740480371,2400.840256,2410.102115,2400.93487,2397.815838,2399.8,0.3858,0.0039,-0.0433,780,9912,1740480300,1740480299,59,ok,ok,ok,ok
crash-2,93,1740480959,2025-02-25T10:55:59+00:00,21922881,0xa5e66fd40224a67247bd0f8038bcc8a03712cc9cb161a75add15e7db2fb4410b,1740480959,2025-02-25T10:55:59+00:00,0,21922882,1740480971,2400.840256,2409.759625,2398.775108,2399.734762,2397.5,0.3715,-0.086,-0.1391,1380,10512,1740480900,1740480899,59,ok,ok,ok,ok
crash-2,94,1740481559,2025-02-25T11:05:59+00:00,21922931,0xd2c6783a1148202db59aecacabd791c02615e08d3293b8aac2e8d1770eb431e5,1740481559,2025-02-25T11:05:59+00:00,0,21922932,1740481571,2387.972604,2400.641823,2387.527879,2384.664707,2386.81,0.5305,-0.0186,-0.0487,156,11112,1740481500,1740481499,59,ok,ok,ok,ok
crash-2,95,1740482159,2025-02-25T11:15:59+00:00,21922981,0x3b245410cebd68fa3e4ec30f67f1e96e85a888ca850dd36f00eb4b3c3765151d,1740482159,2025-02-25T11:15:59+00:00,0,21922982,1740482171,2387.972604,2398.749423,2382.99611,2380.614424,2380.91,0.4513,-0.2084,-0.2958,756,11712,1740482100,1740482099,59,ok,ok,ok,ok
crash-2,96,1740482759,2025-02-25T11:25:59+00:00,21923031,0x512fc540075357d08977596e8bb6418e5a584cc2b8ea990510e87f91bd7ac363,1740482759,2025-02-25T11:25:59+00:00,0,21923032,1740482771,2375.945056,2392.877877,2375.38309,2372.534482,2370.94,0.7127,-0.0237,-0.2107,300,12312,1740482700,1740482699,59,ok,ok,ok,ok
crash-2,97,1740483359,2025-02-25T11:35:59+00:00,21923081,0x45a8f184e14fe40039b7f10ca667814b03cbdab3dae8091e4c1ec54b84eddb0c,1740483359,2025-02-25T11:35:59+00:00,0,21923082,1740483371,2375.945056,2398.407264,2382.281354,2385.141664,2380.79,0.9454,0.2667,0.2039,900,12912,1740483300,1740483299,59,ok,ok,ok,ok
crash-2,98,1740483959,2025-02-25T11:45:59+00:00,21923131,0x93823a9010697f70593981556d9faec1a66c8c6c93fb4e7610456a5da9b9d810,1740483959,2025-02-25T11:45:59+00:00,0,21923132,1740483971,2403.949932,2411.375511,2400.454755,2402.85629,2403.99,0.3089,-0.1454,0.0017,60,13512,1740483900,1740483899,59,ok,ok,ok,ok
crash-2,99,1740484559,2025-02-25T11:55:59+00:00,21923181,0xb8b1609da9018dbc893ce30cc970a3b1be737ed8e92b241195d9696d88d13c35,1740484559,2025-02-25T11:55:59+00:00,0,21923182,1740484571,2421.073007,2430.1272,2426.276228,2429.43228,2429.21,0.374,0.2149,0.3361,396,14112,1740484500,1740484499,59,ok,ok,ok,ok
crash-2,100,1740485159,2025-02-25T12:05:59+00:00,21923231,0xb9c6539b606da09e2e51ea7d9d5bff41a06448473fbe7212ca1fc037918eb615,1740485159,2025-02-25T12:05:59+00:00,0,21923232,1740485171,2433.33172,2429.624913,2427.004184,2425.791046,2424.62,-0.1523,-0.26,-0.358,552,14712,1740485100,1740485099,59,ok,ok,ok,ok
crash-2,101,1740485759,2025-02-25T12:15:59+00:00,21923281,0x44a1b1e809da16f8ac65cf246b7f191f44ecebe590b1765df65ac39d4d1d9213,1740485759,2025-02-25T12:15:59+00:00,0,21923282,1740485771,2445.899944,2436.71421,2438.681223,2439.168983,2439.26,-0.3756,-0.2951,-0.2715,336,15312,1740485700,1740485699,59,ok,ok,ok,ok
crash-2,102,1740486359,2025-02-25T12:25:59+00:00,21923331,0x40401dc500d8111203a16a7a45121f172870a643b5e43ac48580b937a8ea969d,1740486359,2025-02-25T12:25:59+00:00,0,21923332,1740486371,2445.899944,2438.213116,2439.900807,2441.60925,2441.59,-0.3143,-0.2453,-0.1762,936,15912,1740486300,1740486299,59,ok,ok,ok,ok
crash-2,103,1740486959,2025-02-25T12:35:59+00:00,21923380,0xf07d09dcd09b618645704c659af83287e09e6be2a0b2a29fc340e92d31719640,1740486959,2025-02-25T12:35:59+00:00,0,21923381,1740486971,2433.290656,2429.763585,2426.761508,2425.791046,2425.06,-0.145,-0.2683,-0.3383,420,16512,1740486900,1740486899,59,ok,ok,ok,ok
crash-2,104,1740487559,2025-02-25T12:45:59+00:00,21923429,0xf8089e852c81d39c00c67e766dfe819ac63cdfdfd65c831d9600c692ca27e62a,1740487559,2025-02-25T12:45:59+00:00,0,21923430,1740487571,2420.323392,2428.491398,2424.093671,2425.548491,2425.52,0.3375,0.1558,0.2147,480,17112,1740487500,1740487499,59,ok,ok,ok,ok
crash-2,105,1740488159,2025-02-25T12:55:59+00:00,21923479,0x6e828657d5a3bc7fc8375b519b2e9d934905c1442910385f44f6df533eac7676,1740488159,2025-02-25T12:55:59+00:00,0,21923480,1740488171,2420.323392,2427.633938,2424.33608,2425.063454,2424.83,0.302,0.1658,0.1862,1080,17712,1740488100,1740488099,59,ok,ok,ok,ok
crash-2,106,1740488759,2025-02-25T13:05:59+00:00,21923529,0x922a348e3da08a7274518f81fe66e4551aff8b45a292055c10fc31fb2a597ccd,1740488759,2025-02-25T13:05:59+00:00,0,21923530,1740488771,2435.7481,2430.603714,2430.64724,2427.489609,2428.1,-0.2112,-0.2094,-0.314,396,18312,1740488700,1740488699,59,ok,ok,ok,ok
crash-2,107,1740489359,2025-02-25T13:15:59+00:00,21923579,0x34990cfb8e120438cd90067b7952bf208326205e94d3f81996a76e2d4bee106c,1740489359,2025-02-25T13:15:59+00:00,0,21923580,1740489371,2435.7481,2431.365042,2433.078981,2431.862806,2433.38,-0.1799,-0.1096,-0.0972,996,18912,1740489300,1740489299,59,ok,ok,ok,ok
crash-2,108,1740489959,2025-02-25T13:25:59+00:00,21923629,0x422538f8ed9b5bec190b33d408213c3d8b1f0860b6a14b03f95f8e3f413f2fb3,1740489959,2025-02-25T13:25:59+00:00,0,21923630,1740489971,2423.547112,2427.836577,2424.820972,2423.366588,2423.5,0.177,0.0526,-0.0019,120,19512,1740489900,1740489899,59,ok,ok,ok,ok
crash-2,109,1740490559,2025-02-25T13:35:59+00:00,21923678,0x9720702b287ee423d15ee47c4c321a8b8b35819692293284ac745606525a6f72,1740490559,2025-02-25T13:35:59+00:00,0,21923679,1740490571,2423.547112,2424.745681,2419.976418,2420.702484,2421.1,0.0495,-0.1473,-0.101,720,20112,1740490500,1740490499,59,ok,ok,ok,ok
crash-2,110,1740491159,2025-02-25T13:45:59+00:00,21923728,0x9f9f22a2c429c140973c2f1d124fd9b3220a11e494ccbd370c14808d4005a728,1740491159,2025-02-25T13:45:59+00:00,0,21923729,1740491171,2423.547112,2424.897148,2419.734445,2422.397484,2420.76,0.0557,-0.1573,-0.115,1320,20712,1740491100,1740491099,59,ok,ok,ok,ok
crash-2,111,1740491759,2025-02-25T13:55:59+00:00,21923778,0xcd066ae7616bade297b6f185e2a5d953af488848cb170f9c0f1aa9b149900fee,1740491759,2025-02-25T13:55:59+00:00,0,21923779,1740491771,2423.547112,2423.257988,2420.218416,2421.186649,2422.56,-0.0119,-0.1373,-0.0407,1920,21312,1740491700,1740491699,59,ok,ok,ok,ok
crash-2,112,1740492359,2025-02-25T14:05:59+00:00,21923828,0x2e9ba304247a0a24d2f74a643877b9a35a33aa0431eccb8746a4dd6168dc35e1,1740492359,2025-02-25T14:05:59+00:00,0,21923829,1740492371,2411.385571,2420.047476,2413.451621,2413.2103,2414.8,0.3592,0.0857,0.1416,300,21912,1740492300,1740492299,59,ok,ok,ok,ok
crash-2,113,1740492959,2025-02-25T14:15:59+00:00,21923878,0xc3babad7e39d0ff0ecdbf878d07d69ea8d60ec85869211184a85fa1a4d5b6837,1740492959,2025-02-25T14:15:59+00:00,0,21923879,1740492971,2427.091961,2425.322342,2417.799528,2423.608925,2421.61,-0.0729,-0.3829,-0.2259,0,22512,1740492900,1740492899,59,ok,ok,ok,ok
crash-2,114,1740493559,2025-02-25T14:25:59+00:00,21923928,0x91ae14141f7506e9c8d5ea8f2804a9d86dd0f53c27fa34df3c27f2570f5229e9,1740493559,2025-02-25T14:25:59+00:00,0,21923929,1740493571,2399.334044,2413.024585,2407.907337,2402.375791,2401.48,0.5706,0.3573,0.0894,60,23112,1740493500,1740493499,59,ok,ok,ok,ok
crash-2,115,1740494159,2025-02-25T14:35:59+00:00,21923976,0x5036e9a6b0ff1db7c1280b8a95884e1859bdb443b093eab204f1edc7ed633135,1740494159,2025-02-25T14:35:59+00:00,0,21923977,1740494171,2413.842331,2417.151679,2409.111532,2412.245257,2413.67,0.1371,-0.196,-0.0071,108,23712,1740494100,1740494099,59,ok,ok,ok,ok
crash-2,116,1740494759,2025-02-25T14:45:59+00:00,21924026,0x29dd0ab96b8d80038436da39f9ebf018495ca2aab0cd7dc13cd1dd6c1ea6c401,1740494759,2025-02-25T14:45:59+00:00,0,21924027,1740494771,2384.402151,2402.451791,2389.43857,2385.141664,2388.6,0.757,0.2112,0.1761,24,24312,1740494700,1740494699,59,ok,ok,ok,ok
crash-2,117,1740495359,2025-02-25T14:55:59+00:00,21924076,0xcdb494802f1c073b75ef78f849696284edd454dd1aac7b0a98816f2bff352464,1740495359,2025-02-25T14:55:59+00:00,0,21924077,1740495371,2369.113564,2394.826785,2373.246314,2377.284062,2373.48,1.0854,0.1744,0.1843,180,24912,1740495300,1740495299,59,ok,ok,ok,ok
crash-2,118,1740495959,2025-02-25T15:05:59+00:00,21924126,0x252261b0f41437f631a7f09590d63e6b8d95a94daa63c483e5ab191b5c911484,1740495959,2025-02-25T15:05:59+00:00,0,21924127,1740495971,2382.831737,2395.669643,2380.138372,2379.662416,2377.4,0.5388,-0.113,-0.228,588,25512,1740495900,1740495899,59,ok,ok,ok,ok
crash-2,119,1740496559,2025-02-25T15:15:59+00:00,21924176,0x87dffac800cffffa8f62d3ffe2ff8a5f7fd07fe2eab98dd65981ec7159df23df,1740496559,2025-02-25T15:15:59+00:00,0,21924177,1740496571,2382.831737,2394.207814,2377.284062,2377.759542,2372.29,0.4774,-0.2328,-0.4424,1188,26112,1740496500,1740496499,59,ok,ok,ok,ok
crash-2,120,1740497159,2025-02-25T15:25:59+00:00,21924226,0x9584c69edac408cadcaa1e8721be9d84f9b5ea98e4e77a55551737ae11f8c46e,1740497159,2025-02-25T15:25:59+00:00,0,21924227,1740497171,2381.933903,2393.592969,2369.92626,2375.145575,2376.39,0.4895,-0.5041,-0.2327,84,26712,1740497100,1740497099,59,ok,ok,ok,ok
crash-2,121,1740497759,2025-02-25T15:35:59+00:00,21924276,0x876a51555855dc8f30824956af06ac762061656b5915b3c2f790424d099aace0,1740497759,2025-02-25T15:35:59+00:00,0,21924277,1740497771,2367.744951,2392.509981,2372.297253,2376.808676,2379.11,1.0459,0.1923,0.48,264,27312,1740497700,1740497699,59,ok,ok,ok,ok
crash-2,122,1740498359,2025-02-25T15:45:59+00:00,21924326,0xe0fe89bcee1b57737395b93e3a32e8de4e02a66b5bde71671fc9acb348dabed7,1740498359,2025-02-25T15:45:59+00:00,0,21924327,1740498371,2398.751348,2410.103121,2395.898448,2400.93487,2395.91,0.4732,-0.1189,-0.1185,504,27912,1740498300,1740498299,59,ok,ok,ok,ok
crash-2,123,1740498959,2025-02-25T15:55:59+00:00,21924375,0x89ec283046047f6db86000cf501a231182470829850777426c1cd14eaa632516,1740498959,2025-02-25T15:55:59+00:00,0,21924376,1740498971,2412.108362,2420.446091,2415.866159,2415.141544,2418.51,0.3457,0.1558,0.2654,216,28512,1740498900,1740498899,59,ok,ok,ok,ok
crash-2,124,1740499559,2025-02-25T16:05:59+00:00,21924425,0x1bb46f45670bf6c161e598ab82b88ee784edadc7eee4c785d0bd0870287b4072,1740499559,2025-02-25T16:05:59+00:00,0,21924426,1740499571,2412.108362,2412.451381,2404.057959,2401.895388,2403.96,0.0142,-0.3337,-0.3378,816,29112,1740499500,1740499499,59,ok,ok,ok,ok
crash-2,125,1740500159,2025-02-25T16:15:59+00:00,21924474,0x174a150228a2befe78493f4d849521a4671f4b0c3997990a522100b9a158c51a,1740500159,2025-02-25T16:15:59+00:00,0,21924475,1740500171,2398.902623,2410.653951,2401.895388,2402.616028,2402.01,0.4899,0.1248,0.1295,444,29712,1740500100,1740500099,59,ok,ok,ok,ok
crash-2,126,1740500759,2025-02-25T16:25:59+00:00,21924524,0xce128da51bf95ae63ada2a21a2ff76266b44f15acf470e26931381ef1df2ba82,1740500759,2025-02-25T16:25:59+00:00,0,21924525,1740500771,2398.902623,2404.711528,2393.025238,2391.829085,2393.49,0.2421,-0.245,-0.2256,1044,30312,1740500700,1740500699,59,ok,ok,ok,ok
crash-2,127,1740501359,2025-02-25T16:35:59+00:00,21924574,0x590c083ce56062da4403d7d70817dffdfa4dd19c269f6177d547fe8ac243a7e1,1740501359,2025-02-25T16:35:59+00:00,0,21924575,1740501371,2385.132244,2400.33494,2385.618716,2383.71108,2385.35,0.6374,0.0204,0.0091,528,30912,1740501300,1740501299,59,ok,ok,ok,ok
crash-2,128,1740501959,2025-02-25T16:45:59+00:00,21924624,0x3db59c33132e9f243d1e7d025128d753f97c8d91b6ec75e2d998a0c414a4e53e,1740501959,2025-02-25T16:45:59+00:00,0,21924625,1740501971,2424.077179,2426.049985,2412.969003,2422.397484,2421.3,0.0814,-0.4582,-0.1146,24,31512,1740501900,1740501899,59,ok,ok,ok,ok
crash-2,129,1740502559,2025-02-25T16:55:59+00:00,21924674,0x7e1da8d75f2a8e74c486256db5ff21abd135c4a930eeaeb63dc4c494e965ff10,1740502559,2025-02-25T16:55:59+00:00,0,21924675,1740502571,2424.077179,2424.817081,2423.124276,2418.52494,2418.71,0.0305,-0.0393,-0.2214,624,32112,1740502500,1740502499,59,ok,ok,ok,ok
crash-2,130,1740503159,2025-02-25T17:05:59+00:00,21924724,0x4042c5c729b0c9a21b59d1798dd94cc1d8dd74f2284f98ab0a3ba324808821dd,1740503159,2025-02-25T17:05:59+00:00,0,21924725,1740503171,2424.077179,2421.12694,2418.041308,2415.624596,2415.46,-0.1217,-0.249,-0.3555,1224,32712,1740503100,1740503099,59,ok,ok,ok,ok
crash-2,131,1740503759,2025-02-25T17:15:59+00:00,21924773,0x8b2961c4618cf6fdaff477842d69f927eb1cc314522c6b0abfcf1da169b3aaae,1740503759,2025-02-25T17:15:59+00:00,0,21924774,1740503771,2422.717007,2425.58695,2424.578514,2422.639724,2423.02,0.1185,0.0768,0.0125,264,33312,1740503700,1740503699,59,ok,ok,ok,ok
crash-2,132,1740504359,2025-02-25T17:25:59+00:00,21924823,0x4f75d314a0b3f0af18d160e4738f421f126c1426acc0d838f67f84820ca46171,1740504359,2025-02-25T17:25:59+00:00,0,21924824,1740504371,2422.717007,2424.0726,2418.52494,2421.186649,2422.69,0.056,-0.173,-0.0011,864,33912,1740504300,1740504299,59,ok,ok,ok,ok
crash-2,133,1740504959,2025-02-25T17:35:59+00:00,21924873,0xa065cf626a259fd888cff373661801cb2b1f6389642c8da827751e9b79d8d907,1740504959,2025-02-25T17:35:59+00:00,0,21924874,1740504971,2436.520056,2432.651169,2435.269628,2434.052358,2434.2,-0.1588,-0.0513,-0.0952,324,34512,1740504900,1740504899,59,ok,ok,ok,ok
crash-2,134,1740505559,2025-02-25T17:45:59+00:00,21924923,0x88d56655236f7ef67fcc4723749f34e2074000a2d6e475b0274dd428636c8936,1740505559,2025-02-25T17:45:59+00:00,0,21924924,1740505571,2424.267863,2425.157065,2422.881988,2420.218416,2420.48,0.0367,-0.0572,-0.1562,264,35112,1740505500,1740505499,59,ok,ok,ok,ok
crash-2,135,1740506159,2025-02-25T17:55:59+00:00,21924973,0xbced94d712660e876207400a6d38f0d8edf63befea1cd1dfc0d2c14b147f5037,1740506159,2025-02-25T17:55:59+00:00,0,21924974,1740506171,2424.267863,2421.935778,2415.383058,2415.141544,2413.79,-0.0962,-0.3665,-0.4322,864,35712,1740506100,1740506099,59,ok,ok,ok,ok
crash-2,136,1740506759,2025-02-25T18:05:59+00:00,21925023,0x1397e45f58a8c6c214b3464cc36f5aaf3675ef77b8c5b73cdf3abc3189b493c6,1740506759,2025-02-25T18:05:59+00:00,0,21925024,1740506771,2424.267863,2425.581123,2423.366588,2423.851286,2424.12,0.0542,-0.0372,-0.0061,1464,36312,1740506700,1740506699,59,ok,ok,ok,ok
crash-2,137,1740507359,2025-02-25T18:15:59+00:00,21925073,0xbd545733330fcb50ad0aaecd5e1db586bcb1478ba288abf00fbf2e7bb60dbdc2,1740507359,2025-02-25T18:15:59+00:00,0,21925074,1740507371,2424.267863,2423.478257,2419.734445,2423.366588,2424.15,-0.0326,-0.187,-0.0049,2064,36912,1740507300,1740507299,59,ok,ok,ok,ok
crash-2,138,1740507959,2025-02-25T18:25:59+00:00,21925123,0x73928f234d15943ea9d3743f62a6305a48865e9f381082223393a11d45f99dc9,1740507959,2025-02-25T18:25:59+00:00,0,21925124,1740507971,2409.706508,2419.368241,2411.2806,2410.798416,2410.93,0.401,0.0653,0.0508,408,37512,1740507900,1740507899,59,ok,ok,ok,ok
crash-2,139,1740508559,2025-02-25T18:35:59+00:00,21925173,0x90e7e3217587e823fceccb026c005806c4e5c591ed1928abd01f1e613831d7a6,1740508559,2025-02-25T18:35:59+00:00,0,21925174,1740508571,2409.706508,2414.344184,2403.817577,2403.336885,2403.7,0.1925,-0.2444,-0.2493,1008,38112,1740508500,1740508499,59,ok,ok,ok,ok
crash-2,140,1740509159,2025-02-25T18:45:59+00:00,21925223,0xeef8152cf64df9019e0003c31259db4d6487687f258eefd5397a2327d29dea3c,1740509159,2025-02-25T18:45:59+00:00,0,21925224,1740509171,2409.706508,2423.495578,2416.83265,2420.702484,2419.09,0.5722,0.2957,0.3894,1608,38712,1740509100,1740509099,59,ok,ok,ok,ok
crash-2,141,1740509759,2025-02-25T18:55:59+00:00,21925273,0x62a994a3d1289f8fe29962419c70174404f6641408322780a89d12ef72386136,1740509759,2025-02-25T18:55:59+00:00,0,21925274,1740509771,2423.697131,2423.424212,2420.460438,2421.67091,2421.31,-0.0113,-0.1335,-0.0985,576,39312,1740509700,1740509699,59,ok,ok,ok,ok
crash-2,142,1740510359,2025-02-25T19:05:59+00:00,21925323,0x82a8e1caa024cfc21c9086c7bbeac3b43efac13cb990169fcd2524e22b6f6d2a,1740510359,2025-02-25T19:05:59+00:00,0,21925324,1740510371,2423.697131,2426.237922,2424.578514,2426.276228,2426.79,0.1048,0.0364,0.1276,1176,39912,1740510300,1740510299,59,ok,ok,ok,ok
crash-2,143,1740510959,2025-02-25T19:15:59+00:00,21925373,0x797844eafb80242cf8aa6983b64d33676aed7b0f781df50d7eacc0791ce79e65,1740510959,2025-02-25T19:15:59+00:00,0,21925374,1740510971,2423.697131,2421.786455,2421.67091,2416.107745,2416.51,-0.0788,-0.0836,-0.2965,1776,40512,1740510900,1740510899,59,ok,ok,ok,ok
crash-2,144,1740511559,2025-02-25T19:25:59+00:00,21925423,0xea73200ebf846694df46283ac2470149b53ac0fe6d18c5d1b88dac538000de2f,1740511559,2025-02-25T19:25:59+00:00,0,21925424,1740511571,2411.245553,2420.692409,2413.934335,2413.451621,2412.98,0.3918,0.1115,0.0719,504,41112,1740511500,1740511499,59,ok,ok,ok,ok
crash-3,0,1743965699,2025-04-06T18:54:59+00:00,22211792,0x5003e928ed1fa6a64c6aaa6085f78f1a31798851630f639b1ea2c3936aa0c58f,1743965699,2025-04-06T18:54:59+00:00,0,22211793,1743965711,1618.040443,1653.419592,1608.944227,1613.616703,1614.65,2.1865,-0.5622,-0.2095,12,39252,1743965640,1743965639,59,ok,ok,ok,ok
crash-3,1,1743966299,2025-04-06T19:04:59+00:00,22211842,0x7d4a15fbe376848f78839fd01d9d20dddd41a230572a936ab9069073b88725ba,1743966299,2025-04-06T19:04:59+00:00,0,22211843,1743966311,1624.87999,1664.878996,1624.30126,1625.763716,1624.95,2.4617,-0.0356,0.0043,36,39852,1743966240,1743966239,59,ok,ok,ok,ok
crash-3,2,1743966899,2025-04-06T19:14:59+00:00,22211892,0xe8761830a8fc83c68682120bc637bf1f90a86ccf401274f017c9c9b31c75f874,1743966899,2025-04-06T19:14:59+00:00,0,22211893,1743966911,1612.298064,1656.790572,1616.685336,1618.464579,1617.12,2.7596,0.2721,0.2991,312,40452,1743966840,1743966839,59,ok,ok,ok,ok
crash-3,3,1743967499,2025-04-06T19:24:59+00:00,22211941,0xf2136c83aec2518b91d507151c95d68a4c3a4e61bf92fb0a6473ca2b086d9774,1743967499,2025-04-06T19:24:59+00:00,0,22211942,1743967511,1623.639891,1652.456488,1623.164703,1616.685336,1617.73,1.7748,-0.0293,-0.364,516,41052,1743967440,1743967439,59,ok,ok,ok,ok
crash-3,4,1743968099,2025-04-06T19:34:59+00:00,22211991,0x0187fa95ee67335da3aac4e65a853d3de1824c5fdf6a791b5d47cc13b4a4333b,1743968099,2025-04-06T19:34:59+00:00,0,22211992,1743968111,1623.684751,1652.320728,1619.759804,1619.273973,1620.64,1.7636,-0.2417,-0.1875,192,41652,1743968040,1743968039,59,ok,ok,ok,ok
crash-3,5,1743968699,2025-04-06T19:44:59+00:00,22212041,0x3eed525c2f5f2139bf4cb30d8711c12e6194016cd2db0b43e33b4f89c2892035,1743968699,2025-04-06T19:44:59+00:00,0,22212042,1743968711,1623.684751,1638.94476,1621.056066,1619.273973,1620.2,0.9398,-0.1619,-0.2146,792,42252,1743968640,1743968639,59,ok,ok,ok,ok
crash-3,6,1743969299,2025-04-06T19:54:59+00:00,22212090,0xae875f869343bdfc5d6cc04df9e73850634b9358df52ff7b88b73bb73fbaf0b9,1743969299,2025-04-06T19:54:59+00:00,0,22212091,1743969311,1622.699816,1638.69841,1618.464579,1622.028942,1622.32,0.9859,-0.261,-0.0234,12,42852,1743969240,1743969239,59,ok,ok,ok,ok
crash-3,7,1743969899,2025-04-06T20:04:59+00:00,22212139,0x0cdc105d907a8792eea14e7151abdcf9c1cbab8e997f524d4d06d8630b32f33d,1743969899,2025-04-06T20:04:59+00:00,0,22212140,1743969911,1622.699816,1641.153481,1626.57676,1626.902092,1628.98,1.1372,0.2389,0.387,612,43452,1743969840,1743969839,59,ok,ok,ok,ok
crash-3,8,1743970499,2025-04-06T20:14:59+00:00,22212189,0x6babad6843b2a62fd7295e54d0ef9d9acdc5358a55d06c505f110fa37c3ee4b3,1743970499,2025-04-06T20:14:59+00:00,0,22212190,1743970511,1622.699816,1640.228081,1620.569846,1619.759804,1620.0,1.0802,-0.1313,-0.1664,1212,44052,1743970440,1743970439,59,ok,ok,ok,ok
crash-3,9,1743971099,2025-04-06T20:24:59+00:00,22212238,0x1483ccb7d27619e54418f4eca382546188e5695739e6be79b411b25c73c10207,1743971099,2025-04-06T20:24:59+00:00,0,22212239,1743971111,1622.699816,1637.897353,1620.083772,1618.464579,1617.22,0.9366,-0.1612,-0.3377,1812,44652,1743971040,1743971039,59,ok,ok,ok,ok
crash-3,10,1743971699,2025-04-06T20:34:59+00:00,22212287,0xe7d4448e8bec01e6f13ae3e1ebf07142c2fb51dc6e724fb887b37c86e890ca21,1743971699,2025-04-06T20:34:59+00:00,0,22212288,1743971711,1596.227698,1620.719575,1611.842789,1602.201169,1607.86,1.5344,0.9782,0.7287,12,45252,1743971640,1743971639,59,ok,ok,ok,ok
crash-3,11,1743972299,2025-04-06T20:44:59+00:00,22212337,0xfd7bc4fe46de8ae8d255046b47c2bdee6a50ae4586ef4ae04ccbde9b69f4af1d,1743972299,2025-04-06T20:44:59+00:00,0,22212338,1743972311,1591.817345,1618.550125,1590.548267,1590.389229,1590.69,1.6794,-0.0797,-0.0708,276,45852,1743972240,1743972239,59,ok,ok,ok,ok
crash-3,12,1743972899,2025-04-06T20:54:59+00:00,22212387,0xd0769a92d030df54957f586a9f6a63291ed8a9c75dbf1d8bc2f405d56139c081,1743972899,2025-04-06T20:54:59+00:00,0,22212388,1743972911,1575.253981,1607.867944,1578.190865,1573.62097,1571.69,2.0704,0.1864,-0.2262,60,46452,1743972840,1743972839,59,ok,ok,ok,ok
crash-3,13,1743973499,2025-04-06T21:04:59+00:00,22212437,0x74a6e570bdeec448d59fdf32ef80e0903619becf7b984885f186a22a1612db49,1743973499,2025-04-06T21:04:59+00:00,0,22212438,1743973511,1584.595443,1611.04402,1579.769767,1583.565577,1585.9,1.6691,-0.3045,0.0823,132,47052,1743973440,1743973439,59,ok,ok,ok,ok
crash-3,14,1743974099,2025-04-06T21:14:59+00:00,22212486,0xe1df5835e7b46846e8fee993ad77d8f8114c3c458fc5a56c5a188d82ffb0859e,1743974099,2025-04-06T21:14:59+00:00,0,22212487,1743974111,1584.595443,1614.661182,1584.991357,1585.625448,1586.96,1.8974,0.025,0.1492,732,47652,1743974040,1743974039,59,ok,ok,ok,ok
crash-3,15,1743974699,2025-04-06T21:24:59+00:00,22212534,0x8a6b03766da9a03aad1dfdbf861cc1bb4dc120d00c7adb5cf10fc5159ac72f3b,1743974699,2025-04-06T21:24:59+00:00,0,22212535,1743974711,1593.857509,1589.418999,1594.05115,1594.369976,1595.34,-0.2785,0.0121,0.093,480,48252,1743974640,1743974639,59,ok,ok,ok,ok
crash-3,16,1743975299,2025-04-06T21:34:59+00:00,22212583,0x1bd741fc96c39015f9e7c4102e73c2ad6ca067e2aa8109922bb8af94954451a1,1743975299,2025-04-06T21:34:59+00:00,0,22212584,1743975311,1594.754834,1586.895699,1591.184582,1592.776483,1594.24,-0.4928,-0.2239,-0.0323,120,48852,1743975240,1743975239,59,ok,ok,ok,ok
crash-3,17,1743975899,2025-04-06T21:44:59+00:00,22212633,0x8a55a7335f6ded019e87c220dcc0c5cd30d8b80bb27acd24c2757901d931cece,1743975899,2025-04-06T21:44:59+00:00,0,22212634,1743975911,1594.754834,1587.621848,1590.230206,1592.139532,1593.17,-0.4473,-0.2837,-0.0994,720,49452,1743975840,1743975839,59,ok,ok,ok,ok
crash-3,18,1743976499,2025-04-06T21:54:59+00:00,22212682,0xa4704ff7a39640ee34b3d1d4c2d7ad33c90274bb873bb6e40345f52a9cb25c2e,1743976499,2025-04-06T21:54:59+00:00,0,22212683,1743976511,1594.754834,1587.76419,1594.369976,1592.298746,1592.54,-0.4384,-0.0241,-0.1389,1320,50052,1743976440,1743976439,59,ok,ok,ok,ok
crash-3,19,1743977099,2025-04-06T22:04:59+00:00,22212732,0xc1816d7a82acfb76f186b707fdf45336f00035557aafcd3c8b2563661f8cea99,1743977099,2025-04-06T22:04:59+00:00,0,22212733,1743977111,1589.088733,1586.07654,1581.982882,1587.846767,1586.37,-0.1896,-0.4472,-0.1711,12,50652,1743977040,1743977039,59,ok,ok,ok,ok
crash-3,20,1743977699,2025-04-06T22:14:59+00:00,22212782,0x311cb7a96cbc51cbcc960d5b40f71758d0dd13e402a4614231da9fcd7872382e,1743977699,2025-04-06T22:14:59+00:00,0,22212783,1743977711,1599.664523,1593.032011,1600.119764,1600.119764,1602.06,-0.4146,0.0285,0.1497,216,51252,1743977640,1743977639,59,ok,ok,ok,ok
crash-3,21,1743978299,2025-04-06T22:24:59+00:00,22212832,0x76d3b17999b1f974a973bf3d1b5b0fc124c3951905751c1e46f2a6f5227d0bda,1743978299,2025-04-06T22:24:59+00:00,0,22212833,1743978311,1589.837187,1586.449119,1589.11749,1588.482001,1586.69,-0.2131,-0.0453,-0.198,300,51852,1743978240,1743978239,59,ok,ok,ok,ok
crash-3,22,1743978899,2025-04-06T22:34:59+00:00,22212881,0x1ca6fd1f869f95779987458b1f53b31c116143495192aa67e333e661328627d8,1743978899,2025-04-06T22:34:59+00:00,0,22212882,1743978911,1591.137093,1585.163864,1588.482001,1586.735719,1587.2,-0.3754,-0.1669,-0.2474,276,52452,1743978840,1743978839,59,ok,ok,ok,ok
crash-3,23,1743979499,2025-04-06T22:44:59+00:00,22212931,0x8a3708391de7d5b1e02b1c0e4056e0bc04b91afbb22930b44f112205de375cef,1743979499,2025-04-06T22:44:59+00:00,0,22212932,1743979511,1581.516521,1582.367484,1585.308371,1582.615771,1583.58,0.0538,0.2398,0.1305,420,53052,1743979440,1743979439,59,ok,ok,ok,ok
crash-3,24,1743980099,2025-04-06T22:54:59+00:00,22212981,0xb69c33ff1e735f8709bc4623fd4cd862c4cafa48171156d0ce42aa6c6e4329e5,1743980099,2025-04-06T22:54:59+00:00,0,22212982,1743980111,1572.914333,1574.411861,1570.94822,1572.205419,1569.82,0.0952,-0.125,-0.1967,360,53652,1743980040,1743980039,59,ok,ok,ok,ok
crash-3,25,1743980699,2025-04-06T23:04:59+00:00,22213031,0x2f453f0c0d1d812b90881c9daef084ce0468e9b6e4bc3096b47d8d60660adde1,1743980699,2025-04-06T23:04:59+00:00,0,22213032,1743980711,1564.305144,1569.646912,1565.929471,1562.175934,1563.71,0.3415,0.1038,-0.038,60,54252,1743980640,1743980639,59,ok,ok,ok,ok
crash-3,26,1743981299,2025-04-06T23:14:59+00:00,22213081,0xbc1e6e9e1bad085107f9fdaf7c62b8153e0ad63af2a273f26987f6e5dee3bba0,1743981299,2025-04-06T23:14:59+00:00,0,22213082,1743981311,1566.47815,1568.72497,1558.119755,1563.582455,1561.64,0.1434,-0.5336,-0.3089,0,54852,1743981240,1743981239,59,ok,ok,ok,ok
crash-3,27,1743981899,2025-04-06T23:24:59+00:00,22213131,0x9ad164842dac00bfa1da197a5b099e1eb91fef26fe5cd25a14ffef9fe1713882,1743981899,2025-04-06T23:24:59+00:00,0,22213132,1743981911,1546.163693,1553.926845,1545.241523,1544.932522,1545.41,0.5021,-0.0596,-0.0487,396,55452,1743981840,1743981839,59,ok,ok,ok,ok
crash-3,28,1743982499,2025-04-06T23:34:59+00:00,22213181,0x38406ab5d28ba8518b90b63d9cab83dcd26a2c3364323a689117108b39e12336,1743982499,2025-04-06T23:34:59+00:00,0,22213182,1743982511,1562.00496,1565.831856,1557.652412,1561.395081,1559.62,0.245,-0.2787,-0.1527,36,56052,1743982440,1743982439,59,ok,ok,ok,ok
crash-3,29,1743983099,2025-04-06T23:44:59+00:00,22213230,0x615529cf73bbb3960eb710d14a376a4377ac9ecd61af9b52deca71c6f1e5a44b,1743983099,2025-04-06T23:44:59+00:00,0,22213231,1743983111,1574.595968,1577.157496,1577.559747,1578.980119,1578.9,0.1627,0.1882,0.2733,336,56652,1743983040,1743983039,59,ok,ok,ok,ok
crash-3,30,1743983699,2025-04-06T23:54:59+00:00,22213280,0x73fd0748eac39692dea263b8a6f1094a60a17b277c007ca7b800b588dadc33c7,1743983699,2025-04-06T23:54:59+00:00,0,22213281,1743983711,1572.757499,1575.37714,1574.407938,1575.195299,1573.61,0.1666,0.1049,0.0542,180,57252,1743983640,1743983639,59,ok,ok,ok,ok
crash-3,31,1743984299,2025-04-07T00:04:59+00:00,22213330,0xfb6f5658ac75e496658cf8411c571f252671f738860bdf027d70d5939847d57e,1743984299,2025-04-07T00:04:59+00:00,0,22213331,1743984311,1583.952315,1577.659878,1579.138017,1577.559747,1577.71,-0.3973,-0.3039,-0.3941,180,57852,1743984240,1743984239,59,ok,ok,ok,ok
crash-3,32,1743984899,2025-04-07T00:14:59+00:00,22213380,0x02d8316103b994bc729d3cc9c38ab6e31fb1722c72c0f0e5f81bf5e150182d00,1743984899,2025-04-07T00:14:59+00:00,0,22213381,1743984911,1567.307207,1571.813919,1572.048214,1567.80962,1568.92,0.2875,0.3025,0.1029,36,58452,1743984840,1743984839,59,ok,ok,ok,ok
crash-3,33,1743985499,2025-04-07T00:24:59+00:00,22213430,0x37702e85f1e504ab5b2a25bc534fc1d66188fb6e8b27124bb989fc59ba96d8c0,1743985499,2025-04-07T00:24:59+00:00,0,22213431,1743985511,1576.776142,1574.137177,1573.306293,1570.319998,1569.36,-0.1674,-0.2201,-0.4703,504,59052,1743985440,1743985439,59,ok,ok,ok,ok
crash-3,34,1743986099,2025-04-07T00:34:59+00:00,22213479,0x252509e5862c54e194b11d97c1fe6eefd9438255257c18d2588fe87842ace02d,1743986099,2025-04-07T00:34:59+00:00,0,22213480,1743986111,1576.776142,1574.377062,1576.298267,1573.306293,1573.92,-0.1522,-0.0303,-0.1811,1104,59652,1743986040,1743986039,59,ok,ok,ok,ok
crash-3,35,1743986699,2025-04-07T00:44:59+00:00,22213529,0x66c35124d197917b444bbd5a3416cd5159a17fa640edbe0416f5272f50f26fff,1743986699,2025-04-07T00:44:59+00:00,0,22213530,1743986711,1567.789187,1569.290729,1567.80962,1563.582455,1564.19,0.0958,0.0013,-0.2296,240,60252,1743986640,1743986639,59,ok,ok,ok,ok
crash-3,36,1743987299,2025-04-07T00:54:59+00:00,22213578,0x85bfe17d7533a476ae5867649275e557ea0bdace86fa6e6138db140dd8d8cf5b,1743987299,2025-04-07T00:54:59+00:00,0,22213579,1743987311,1559.228497,1564.107631,1557.029507,1558.275567,1558.13,0.3129,-0.141,-0.0705,420,60852,1743987240,1743987239,59,ok,ok,ok,ok
crash-3,37,1743987899,2025-04-07T01:04:59+00:00,22213628,0xad2737b1644608063c52d92e1f1e123ae248254059e7278038e014e5f8a51f02,1743987899,2025-04-07T01:04:59+00:00,0,22213629,1743987911,1578.264114,1577.015066,1575.983054,1573.93571,1573.07,-0.0791,-0.1445,-0.3291,240,61452,1743987840,1743987839,59,ok,ok,ok,ok
crash-3,38,1743988499,2025-04-07T01:14:59+00:00,22213678,0xc997e8a36387d760390a8ec68471c91a1c3c7a9ebb916cfde6b602fd1a59bc29,1743988499,2025-04-07T01:14:59+00:00,0,22213679,1743988511,1578.264114,1581.985072,1581.666533,1584.991357,1584.12,0.2358,0.2156,0.371,840,62052,1743988440,1743988439,59,ok,ok,ok,ok
crash-3,39,1743989099,2025-04-07T01:24:59+00:00,22213728,0xf314bf8a20ff8a6c641196199cea832b3e52b7f4445021d46d07a0096a086201,1743989099,2025-04-07T01:24:59+00:00,0,22213729,1743989111,1603.298264,1600.874534,1607.336167,1610.714951,1610.13,-0.1512,0.2518,0.4261,240,62652,1743989040,1743989039,59,ok,ok,ok,ok
crash-3,40,1743989699,2025-04-07T01:34:59+00:00,22213778,0x99f549e1ac2d63a11da2303415e5d12c7836a0ef1176ef566e419206c7ef987b,1743989699,2025-04-07T01:34:59+00:00,0,22213779,1743989711,1612.115769,1599.426424,1608.30081,1610.070826,1609.88,-0.7871,-0.2366,-0.1387,504,63252,1743989640,1743989639,59,ok,ok,ok,ok
crash-3,41,1743990299,2025-04-07T01:44:59+00:00,22213827,0x27f00a10bc8f801aa15d1243542713afeb8000b09ecb29b15f95ba38c50bdab7,1743990299,2025-04-07T01:44:59+00:00,0,22213828,1743990311,1595.210439,1589.454788,1594.05115,1591.980334,1592.74,-0.3608,-0.0727,-0.1549,300,63852,1743990240,1743990239,59,ok,ok,ok,ok
crash-3,42,1743990899,2025-04-07T01:54:59+00:00,22213877,0xa52509e92414763e11a9e37a36651be9d6bb1d7db717a73a17d24a1464e70c5f,1743990899,2025-04-07T01:54:59+00:00,0,22213878,1743990911,1595.210439,1593.225629,1599.799788,1601.720604,1601.46,-0.1244,0.2877,0.3918,900,64452,1743990840,1743990839,59,ok,ok,ok,ok
crash-3,43,1743991499,2025-04-07T02:04:59+00:00,22213927,0x02cfcdee617e566d297853876e3f3f4e971c0d2dffeba00c6663c1f37ac87431,1743991499,2025-04-07T02:04:59+00:00,0,22213928,1743991511,1595.210439,1591.696271,1595.965064,1595.00782,1594.63,-0.2203,0.0473,-0.0364,1500,65052,1743991440,1743991439,59,ok,ok,ok,ok
crash-3,44,1743992099,2025-04-07T02:14:59+00:00,22213977,0x1d79b273efb30e25b8b84314312b10144ad325af2692b3935f833293b3957114,1743992099,2025-04-07T02:14:59+00:00,0,22213978,1743992111,1595.210439,1590.095189,1593.732388,1594.369976,1594.04,-0.3207,-0.0927,-0.0734,2100,65652,1743992040,1743992039,59,ok,ok,ok,ok
crash-3,45,1743992699,2025-04-07T02:24:59+00:00,22214027,0x7f4c4174b5e7961e5f5439f39c6e4e31036e6617d48b45d8de9fb3bae1743141,1743992699,2025-04-07T02:24:59+00:00,0,22214028,1743992711,1586.279021,1586.788113,1593.095054,1588.64085,1589.12,0.0321,0.4297,0.1791,0,66252,1743992640,1743992639,59,ok,ok,ok,ok
crash-3,46,1743993299,2025-04-07T02:34:59+00:00,22214077,0x88f0feb4539b117e4dcf80c4b3543a9bf85f858be4a92cf09727daeacd81d722,1743993299,2025-04-07T02:34:59+00:00,0,22214078,1743993311,1586.279021,1583.305518,1585.466902,1585.625448,1585.88,-0.1875,-0.0512,-0.0252,600,66852,1743993240,1743993239,59,ok,ok,ok,ok
crash-3,47,1743993899,2025-04-07T02:44:59+00:00,22214127,0x4820116b648a13b6a33654279413d8a4dd15abdf362ff153a686f5f9f995e45c,1743993899,2025-04-07T02:44:59+00:00,0,22214128,1743993911,1576.956156,1576.90383,1576.771204,1575.510354,1575.02,-0.0033,-0.0117,-0.1228,408,67452,1743993840,1743993839,59,ok,ok,ok,ok
crash-3,48,1743994499,2025-04-07T02:54:59+00:00,22214177,0xe925dbcd0203ea75d421ff5f85ccdfea51f4364be7ba762284a5cfc2bf0fc544,1743994499,2025-04-07T02:54:59+00:00,0,22214178,1743994511,1585.556845,1579.757985,1583.248912,1581.034025,1579.3,-0.3657,-0.1456,-0.3946,180,68052,1743994440,1743994439,59,ok,ok,ok,ok
crash-3,49,1743995099,2025-04-07T03:04:59+00:00,22214226,0xecc1839d647eff4f0296eb53c7cbfe739cc53776db477fd5954a97dceffacd0b,1743995099,2025-04-07T03:04:59+00:00,0,22214227,1743995111,1576.49612,1578.072646,1577.875275,1576.613542,1576.18,0.1,0.0875,-0.0201,504,68652,1743995040,1743995039,59,ok,ok,ok,ok
crash-3,50,1743995699,2025-04-07T03:14:59+00:00,22214276,0x7c28e9c1cb57391b2ecef27308b44441339fe672d7be0ad8195c9ddea9aff115,1743995699,2025-04-07T03:14:59+00:00,0,22214277,1743995711,1576.49612,1573.494183,1572.677128,1569.848996,1570.9,-0.1904,-0.2422,-0.355,1104,69252,1743995640,1743995639,59,ok,ok,ok,ok
crash-3,51,1743996299,2025-04-07T03:24:59+00:00,22214326,0x111cb3c99a8bfe9cec7e945b31574f608e8e99d117de72118a758f432f0f784e,1743996299,2025-04-07T03:24:59+00:00,0,22214327,1743996311,1567.052673,1570.025796,1566.242673,1563.582455,1562.6,0.1897,-0.0517,-0.2841,264,69852,1743996240,1743996239,59,ok,ok,ok,ok
crash-3,52,1743996899,2025-04-07T03:34:59+00:00,22214376,0x19b1efb88308957f8559a15b4c3fd66be9f320363e4865b885abb904b0075665,1743996899,2025-04-07T03:34:59+00:00,0,22214377,1743996911,1567.052673,1566.392476,1567.182653,1560.770679,1561.51,-0.0421,0.0083,-0.3537,864,70452,1743996840,1743996839,59,ok,ok,ok,ok
crash-3,53,1743997499,2025-04-07T03:44:59+00:00,22214426,0x85beaaac84324f70b3ef1f921377f06b614844e7548c3b7ff010b2ef6b96fedd,1743997499,2025-04-07T03:44:59+00:00,0,22214427,1743997511,1524.547058,1540.990328,1547.251543,1535.537587,1545.16,1.0786,1.4893,1.3521,0,71052,1743997440,1743997439,59,ok,ok,ok,ok
crash-3,54,1743998099,2025-04-07T03:54:59+00:00,22214476,0x868cc6be66627df637853277f0b3613ea3d3565e93da0a8e844393e1230a7222,1743998099,2025-04-07T03:54:59+00:00,0,22214477,1743998111,1534.403849,1550.384866,1536.920123,1540.150885,1540.06,1.0415,0.164,0.3686,504,71652,1743998040,1743998039,59,ok,ok,ok,ok
crash-3,55,1743998699,2025-04-07T04:04:59+00:00,22214525,0x0d11857691ffdb942375fa182c4a8f68835c2a74c7ee23fddb93f1d2e3cac46c,1743998699,2025-04-07T04:04:59+00:00,0,22214526,1743998711,1542.443395,1557.069522,1545.859713,1548.180126,1546.68,0.9482,0.2215,0.2747,564,72252,1743998640,1743998639,59,ok,ok,ok,ok
crash-3,56,1743999299,2025-04-07T04:14:59+00:00,22214574,0x82b77919ab0c051bcee072d9a274fdee4606aed5ebde5efe1e198f31a75d06b4,1743999299,2025-04-07T04:14:59+00:00,0,22214575,1743999311,1542.983439,1551.823993,1539.073211,1542.462729,1543.13,0.573,-0.2534,0.0095,60,72852,1743999240,1743999239,59,ok,ok,ok,ok
crash-3,57,1743999899,2025-04-07T04:24:59+00:00,22214624,0xb5f35fa2bf597d8dac2fe579683d6e6947dae92faff699175c5367bff5d48855,1743999899,2025-04-07T04:24:59+00:00,0,22214625,1743999911,1551.264401,1559.562432,1552.520888,1552.365651,1552.6,0.5349,0.081,0.0861,240,73452,1743999840,1743999839,59,ok,ok,ok,ok
crash-3,58,1744000499,2025-04-07T04:34:59+00:00,22214674,0x114e289538f7c775300d3b8adc4ea2f30092107025e8f39bb917d19750d1128b,1744000499,2025-04-07T04:34:59+00:00,0,22214675,1744000511,1551.264401,1557.091739,1549.574046,1548.025324,1547.78,0.3757,-0.109,-0.2246,840,74052,1744000440,1744000439,59,ok,ok,ok,ok
crash-3,59,1744001099,2025-04-07T04:44:59+00:00,22214723,0xb0b6e0e844a81f2f820b58f4f328e41c956fe8980904214a882cbabf86259dfa,1744001099,2025-04-07T04:44:59+00:00,0,22214724,1744001111,1542.524243,1551.186809,1539.842901,1537.688737,1537.76,0.5616,-0.1738,-0.3089,480,74652,1744001040,1744001039,59,ok,ok,ok,ok
crash-3,60,1744001699,2025-04-07T04:54:59+00:00,22214773,0x502f0a8b8892f0c033df0f7575cb2c94c323248937d6c05d2b2ed976af3219d5,1744001699,2025-04-07T04:54:59+00:00,0,22214774,1744001711,1542.524243,1544.057446,1537.688737,1539.381041,1539.4,0.0994,-0.3135,-0.2025,1080,75252,1744001640,1744001639,59,ok,ok,ok,ok
crash-3,61,1744002299,2025-04-07T05:04:59+00:00,22214823,0x79b0fdc8d61fcad7b13e05041fc50a4f94976217d49dcd9243446c4b78dcbbf2,1744002299,2025-04-07T05:04:59+00:00,0,22214824,1744002311,1543.076313,1548.861772,1547.406268,1546.014299,1544.67,0.3749,0.2806,0.1033,144,75852,1744002240,1744002239,59,ok,ok,ok,ok
crash-3,62,1744002899,2025-04-07T05:14:59+00:00,22214873,0x854553552ca0e319afa92f3019c5378b9768d632acd8b1340554e0d7cf4b0f52,1744002899,2025-04-07T05:14:59+00:00,0,22214874,1744002911,1551.74464,1551.953598,1549.883976,1550.038965,1551.12,0.0135,-0.1199,-0.0403,180,76452,1744002840,1744002839,59,ok,ok,ok,ok
crash-3,63,1744003499,2025-04-07T05:24:59+00:00,22214923,0x3a235c5711c4c8b7dda1160e8bb07f77f856d8973515e4472318208f9dd8221b,1744003499,2025-04-07T05:24:59+00:00,0,22214924,1744003511,1554.9992,1553.855817,1555.006785,1553.452633,1552.86,-0.0735,0.0005,-0.1376,324,77052,1744003440,1744003439,59,ok,ok,ok,ok
crash-3,64,1744004099,2025-04-07T05:34:59+00:00,22214972,0x621145d1aa4fc240f6eb59bf0b7330b19a1ea3b42c1e74fd4aaab304e6346998,1744004099,2025-04-07T05:34:59+00:00,0,22214973,1744004111,1547.00376,1550.294485,1550.348988,1548.025324,1547.84,0.2127,0.2162,0.0541,0,77652,1744004040,1744004039,59,ok,ok,ok,ok
crash-3,65,1744004699,2025-04-07T05:44:59+00:00,22215022,0x9241ad4e301804652033d763763dfe6c356e6ba96c18e82d84ec82eb1c8f0cd4,1744004699,2025-04-07T05:44:59+00:00,0,22215023,1744004711,1547.00376,1548.9438,1544.623581,1547.096833,1547.14,0.1254,-0.1539,0.0088,600,78252,1744004640,1744004639,59,ok,ok,ok,ok
crash-3,66,1744005299,2025-04-07T05:54:59+00:00,22215072,0x103d7635cc6496cac94e7e881743730cd617aec92f90a94b210e4a2e7489d8af,1744005299,2025-04-07T05:54:59+00:00,0,22215073,1744005311,1538.393513,1544.362792,1537.842506,1538.15009,1537.68,0.388,-0.0358,-0.0464,348,78852,1744005240,1744005239,59,ok,ok,ok,ok
crash-3,67,1744005899,2025-04-07T06:04:59+00:00,22215122,0xd708973136ea496feb73256c15616a291b1534f34e120912ab27ff7c3839a4f7,1744005899,2025-04-07T06:04:59+00:00,0,22215123,1744005911,1547.103768,1549.460055,1546.014299,1548.334944,1548.96,0.1523,-0.0704,0.12,168,79452,1744005840,1744005839,59,ok,ok,ok,ok
crash-3,68,1744006499,2025-04-07T06:14:59+00:00,22215172,0x5ec34d2eef2a9ce9acda31599aa9484ad0945aeddc06df24ebf2b19035f32ac5,1744006499,2025-04-07T06:14:59+00:00,0,22215173,1744006511,1539.177634,1545.385737,1540.3049,1540.458931,1541.11,0.4033,0.0732,0.1255,204,80052,1744006440,1744006439,59,ok,ok,ok,ok
crash-3,69,1744007099,2025-04-07T06:24:59+00:00,22215221,0xce50ab384c9789e5f5d40d765c6dc2d0868686935959e84e608f151a74befd88,1744007099,2025-04-07T06:24:59+00:00,0,22215222,1744007111,1514.790599,1527.138422,1515.251155,1513.736737,1519.53,0.8152,0.0304,0.3129,324,80652,1744007040,1744007039,59,ok,ok,ok,ok
crash-3,70,1744007699,2025-04-07T06:34:59+00:00,22215271,0x5cdd3cd590261ea2fb0007ffdb7334d237af1a4d0171f0294753f9fb54134e3c,1744007699,2025-04-07T06:34:59+00:00,0,22215272,1744007711,1506.345209,1511.353043,1502.727242,1494.634789,1503.08,0.3324,-0.2402,-0.2168,444,81252,1744007640,1744007639,59,ok,ok,ok,ok
crash-3,71,1744008299,2025-04-07T06:44:59+00:00,22215321,0x806623af78d0687c4dad537167c0e49cea83744c960778ec2cf1c558592fdfe6,1744008299,2025-04-07T06:44:59+00:00,0,22215322,1744008311,1465.853891,1479.319099,1476.364289,1460.360099,1469.21,0.9186,0.717,0.229,24,81852,1744008240,1744008239,59,ok,ok,ok,ok
crash-3,72,1744008899,2025-04-07T06:54:59+00:00,22215371,0x57193eedb2abe14a84e510b7dabab658769f10f121f099a222f83656a4e989f4,1744008899,2025-04-07T06:54:59+00:00,0,22215372,1744008911,1427.68599,1442.546889,1439.338703,1394.847853,1441.88,1.0409,0.8162,0.9942,24,82452,1744008840,1744008839,59,ok,ok,ok,ok
crash-3,73,1744009499,2025-04-07T07:04:59+00:00,22215421,0xa86626d43910c32bbdcb71d7767d3443486e9dfb707668314f95b7e661c12f3d,1744009499,2025-04-07T07:04:59+00:00,0,22215422,1744009511,1437.735019,1452.763944,1433.879867,1437.181421,1441.01,1.0453,-0.2681,0.2278,144,83052,1744009440,1744009439,59,ok,ok,ok,ok
crash-3,74,1744010099,2025-04-07T07:14:59+00:00,22215471,0xd293877ace47afb92326c4b3399c4a5bc4c0bea9f991d741c2de2c75fa33df80,1744010099,2025-04-07T07:14:59+00:00,0,22215472,1744010111,1445.246987,1464.792439,1445.540874,1442.364338,1445.64,1.3524,0.0203,0.0272,204,83652,1744010040,1744010039,59,ok,ok,ok,ok
crash-3,75,1744010699,2025-04-07T07:24:59+00:00,22215521,0x6d2d547632ddb8ae3fb53a2f1ff060f2aa1a30bb51182d76a3f2cc0bfa4f76d1,1744010699,2025-04-07T07:24:59+00:00,0,22215522,1744010711,1464.067925,1485.650506,1459.776101,1456.422642,1457.07,1.4742,-0.2931,-0.478,228,84252,1744010640,1744010639,59,ok,ok,ok,ok
crash-3,76,1744011299,2025-04-07T07:34:59+00:00,22215570,0x8cac4fb5cf15fdcf58ca5192b2fb229a0599375b75404b767eb9356d514acf5c,1744011299,2025-04-07T07:34:59+00:00,0,22215571,1744011311,1446.345708,1481.526196,1445.685428,1445.251809,1446.53,2.4324,-0.0457,0.0127,264,84852,1744011240,1744011239,59,ok,ok,ok,ok
crash-3,77,1744011899,2025-04-07T07:44:59+00:00,22215619,0x102070e74847030af06f8e5771d02bcee1c1b5e219556ee631069f1f65e529cb,1744011899,2025-04-07T07:44:59+00:00,0,22215620,1744011911,1465.677254,1494.478985,1466.799518,1466.066338,1465.9,1.9651,0.0766,0.0152,24,85452,1744011840,1744011839,59,ok,ok,ok,ok
crash-3,78,1744012499,2025-04-07T07:54:59+00:00,22215666,0x7bde432facf1236e00c3f0b217c6fc84e9da0d499306eff6dc28ae37e1d50587,1744012499,2025-04-07T07:54:59+00:00,0,22215667,1744012511,1457.416593,1484.111413,1455.549094,1454.094345,1453.57,1.8317,-0.1281,-0.2639,264,86052,1744012440,1744012439,59,ok,ok,ok,ok
crash-3,79,1744013099,2025-04-07T08:04:59+00:00,22215716,0x320392b1f4f539ba11d3ddb4a9fa289c22145dd4326a8df4cc71ccad793c3b98,1744013099,2025-04-07T08:04:59+00:00,0,22215717,1744013111,1468.831616,1494.750474,1463.722625,1470.176871,1471.9,1.7646,-0.3478,0.2089,84,252,1744013040,1744013039,59,ok,ok,ok,ok
crash-3,80,1744013699,2025-04-07T08:14:59+00:00,22215766,0xc85c9f3852fe44770bc6e191e9d4a2a9931109fbc53e9b7f292971b31788aaf5,1744013699,2025-04-07T08:14:59+00:00,0,22215767,1744013711,1460.403926,1490.859877,1462.552174,1465.187006,1465.51,2.0854,0.1471,0.3496,132,852,1744013640,1744013639,59,ok,ok,ok,ok
crash-3,81,1744014299,2025-04-07T08:24:59+00:00,22215816,0x36339dee23ab05d83f1a4f5fab577f138baa65b293aaad91f91c585f2e50d70c,1744014299,2025-04-07T08:24:59+00:00,0,22215817,1744014311,1488.626757,1502.414601,1488.3708,1494.933731,1492.89,0.9262,-0.0172,0.2864,228,1452,1744014240,1744014239,59,ok,ok,ok,ok
crash-3,82,1744014899,2025-04-07T08:34:59+00:00,22215866,0x0870068d69c6fafafd1f04923b6097fd7a5643670088bc9794c6ac834077d50a,1744014899,2025-04-07T08:34:59+00:00,0,22215867,1744014911,1488.626757,1508.830147,1486.734574,1489.561913,1489.71,1.3572,-0.1271,0.0728,828,2052,1744014840,1744014839,59,ok,ok,ok,ok
crash-3,83,1744015499,2025-04-07T08:44:59+00:00,22215914,0xc39f0da18af86bfaad87a109e116a90d3f144575360d068628b04e086e96ae84,1744015499,2025-04-07T08:44:59+00:00,0,22215915,1744015511,1502.329924,1520.780867,1501.675754,1507.091258,1508.52,1.2282,-0.0435,0.412,528,2652,1744015440,1744015439,59,ok,ok,ok,ok
crash-3,84,1744016099,2025-04-07T08:54:59+00:00,22215964,0x735eca2676263b82b89e80fc798a8475366d7e59cea79445ae1c32ff4170754e,1744016099,2025-04-07T08:54:59+00:00,0,22215965,1744016111,1494.461437,1515.975245,1498.525701,1497.32742,1496.3,1.4396,0.272,0.123,24,3252,1744016040,1744016039,59,ok,ok,ok,ok
crash-3,85,1744016699,2025-04-07T09:04:59+00:00,22216014,0x20b5c4618dc8482986e44c81fd64c032c519094d2cfb8096aace54279fbee270,1744016699,2025-04-07T09:04:59+00:00,0,22216015,1744016711,1494.461437,1515.211989,1497.477153,1500.024901,1499.75,1.3885,0.2018,0.3539,624,3852,1744016640,1744016639,59,ok,ok,ok,ok
crash-3,86,1744017299,2025-04-07T09:14:59+00:00,22216064,0x4beaa23c9db3c553c400bc08c4c590a55fc637e6287d30bf0c4e7233771a51c3,1744017299,2025-04-07T09:14:59+00:00,0,22216065,1744017311,1486.78012,1507.295206,1488.3708,1486.734574,1487.08,1.3798,0.107,0.0202,168,4452,1744017240,1744017239,59,ok,ok,ok,ok
crash-3,87,1744017899,2025-04-07T09:24:59+00:00,22216114,0x0e2fa4cbf1bebc00edc93769f9afacb3fd97872e60c58705e2f79b8a4295c262,1744017899,2025-04-07T09:24:59+00:00,0,22216115,1744017911,1478.915249,1485.173411,1480.503694,1484.803171,1482.94,0.4232,0.1074,0.2721,288,5052,1744017840,1744017839,59,ok,ok,ok,ok
crash-3,88,1744018499,2025-04-07T09:34:59+00:00,22216163,0x73b8216728a2cdc10330e949c2ca4815ac0397cab876c086acb612fc92a1ed10,1744018499,2025-04-07T09:34:59+00:00,0,22216164,1744018511,1495.599564,1492.343503,1493.588963,1493.738322,1494.28,-0.2177,-0.1344,-0.0882,444,5652,1744018440,1744018439,59,ok,ok,ok,ok
crash-3,89,1744019099,2025-04-07T09:44:59+00:00,22216213,0x2428c9efb0da360ae44f6d5e574715d31d90ab3e19e3dbed600b19dbf60596b7,1744019099,2025-04-07T09:44:59+00:00,0,22216214,1744019111,1495.599564,1495.012416,1499.425041,1498.525701,1498.45,-0.0393,0.2558,0.1906,1044,6252,1744019040,1744019039,59,ok,ok,ok,ok
crash-3,90,1744019699,2025-04-07T09:54:59+00:00,22216263,0x5ce2f433f258048f7c253230ced7f0233f1b26ceb15ab8ca894b7848c86ee5e2,1744019699,2025-04-07T09:54:59+00:00,0,22216264,1744019711,1496.404568,1493.635061,1496.878311,1492.693123,1492.84,-0.1851,0.0317,-0.2382,108,6852,1744019640,1744019639,59,ok,ok,ok,ok
crash-3,91,1744020299,2025-04-07T10:04:59+00:00,22216312,0x69e2afc58a6bc37157e060c6a6040def8b172dbd4acb39217489d883dce7a544,1744020299,2025-04-07T10:04:59+00:00,0,22216313,1744020311,1493.830595,1490.337414,1487.7756,1493.439619,1492.8,-0.2338,-0.4053,-0.069,36,7452,1744020240,1744020239,59,ok,ok,ok,ok
crash-3,92,1744020899,2025-04-07T10:14:59+00:00,22216360,0x91adf2c6d994bbe0bbe24089c7574e10988fe53f82c4674b2922dd64b43b4b82,1744020899,2025-04-07T10:14:59+00:00,0,22216361,1744020911,1501.851855,1496.562723,1498.975304,1500.174904,1498.52,-0.3522,-0.1915,-0.2218,132,8052,1744020840,1744020839,59,ok,ok,ok,ok
crash-3,93,1744021499,2025-04-07T10:24:59+00:00,22216410,0x57d5ddf66e76b7942dbc62750fe9d1641e129cb815c88f1e2f43af15a7fef919,1744021499,2025-04-07T10:24:59+00:00,0,22216411,1744021511,1516.152098,1504.413432,1512.223832,1509.95731,1510.77,-0.7742,-0.2591,-0.355,432,8652,1744021440,1744021439,59,ok,ok,ok,ok
crash-3,94,1744022099,2025-04-07T10:34:59+00:00,22216460,0x15d422b76d2928de50375b387a44c97a3f34256ee8695624b24770fc48d9935e,1744022099,2025-04-07T10:34:59+00:00,0,22216461,1744022111,1508.071554,1504.105347,1506.639221,1511.619094,1510.54,-0.263,-0.095,0.1637,588,9252,1744022040,1744022039,59,ok,ok,ok,ok
crash-3,95,1744022699,2025-04-07T10:44:59+00:00,22216510,0x83e22d54c61c922993976af839ffdfdddac595dfe17cabbf983785026d67dbcc,1744022699,2025-04-07T10:44:59+00:00,0,22216511,1744022711,1496.450771,1496.504487,1497.477153,1499.724941,1498.39,0.0036,0.0686,0.1296,528,9852,1744022640,1744022639,59,ok,ok,ok,ok
crash-3,96,1744023299,2025-04-07T10:54:59+00:00,22216560,0xc8019186bf40452242355ce5e78383a3cf6b10bb8b247e6a45e109ae2cd70001,1744023299,2025-04-07T10:54:59+00:00,0,22216561,1744023311,1496.450771,1493.186468,1494.634789,1492.245405,1492.21,-0.2181,-0.1214,-0.2834,1128,10452,1744023240,1744023239,59,ok,ok,ok,ok
crash-3,97,1744023899,2025-04-07T11:04:59+00:00,22216610,0x003beea6e47a9a8b3cb276a0316542a64ae6f0c05bdfceaac0a09a1c8ebde76c,1744023899,2025-04-07T11:04:59+00:00,0,22216611,1744023911,1496.450771,1493.731642,1494.933731,1497.32742,1496.6,-0.1817,-0.1014,0.01,1728,11052,1744023840,1744023839,59,ok,ok,ok,ok
crash-3,98,1744024499,2025-04-07T11:14:59+00:00,22216660,0xda7562085e566913a6dafdedd71d2620ccfda668ae0d6754abb7528e7985d43c,1744024499,2025-04-07T11:14:59+00:00,0,22216661,1744024511,1496.450771,1493.990651,1497.027999,1493.29029,1494.35,-0.1644,0.0386,-0.1404,2328,11652,1744024440,1744024439,59,ok,ok,ok,ok
crash-3,99,1744025099,2025-04-07T11:24:59+00:00,22216710,0x20d2e3e71bf7efe2c68ed10c7461f9145e46ae660acb64e790dff43fe4562480,1744025099,2025-04-07T11:24:59+00:00,0,22216711,1744025111,1496.450771,1493.66454,1496.429338,1494.335907,1493.76,-0.1862,-0.0014,-0.1798,2928,12252,1744025040,1744025039,59,ok,ok,ok,ok
crash-3,100,1744025699,2025-04-07T11:34:59+00:00,22216759,0xed937f27b886dada8a2538779c0d29318572d6627fa6a7a57f592fc0cda12c65,1744025699,2025-04-07T11:34:59+00:00,0,22216760,1744025711,1487.880194,1486.868426,1487.924378,1483.319184,1484.85,-0.068,0.003,-0.2037,168,12852,1744025640,1744025639,59,ok,ok,ok,ok
crash-3,101,1744026299,2025-04-07T11:44:59+00:00,22216808,0x2bb92e49c46d5a0c94706435a803ea4805aa13774c4c38c3f4ea7eec7da05fcc,1744026299,2025-04-07T11:44:59+00:00,0,22216809,1744026311,1477.999528,1482.717693,1481.095985,1479.615703,1479.59,0.3192,0.2095,0.1076,372,13452,1744026240,1744026239,59,ok,ok,ok,ok
crash-3,102,1744026899,2025-04-07T11:54:59+00:00,22216857,0xfbe1710f288d7fa503b33791247317e9db186b27ec7e81edd53ecec3f1d4c764,1744026899,2025-04-07T11:54:59+00:00,0,22216858,1744026911,1477.999528,1482.664498,1479.024005,1481.095985,1480.85,0.3156,0.0693,0.1929,972,14052,1744026840,1744026839,59,ok,ok,ok,ok
crash-3,103,1744027499,2025-04-07T12:04:59+00:00,22216906,0x50fe8e2bd86a1692036ae82bb5b2a2b5e970807ea6def474bbf941a730e946d3,1744027499,2025-04-07T12:04:59+00:00,0,22216907,1744027511,1487.910796,1484.990168,1483.022565,1481.392219,1480.73,-0.1963,-0.3285,-0.4826,228,14652,1744027440,1744027439,59,ok,ok,ok,ok
crash-3,104,1744028099,2025-04-07T12:14:59+00:00,22216956,0x8003ee3f9f9f3d523a770d481d8774efa02f78343b5a1d3353f5c46f6bdb2b4b,1744028099,2025-04-07T12:14:59+00:00,0,22216957,1744028111,1479.846353,1484.992981,1481.095985,1482.577747,1481.62,0.3478,0.0844,0.1199,492,15252,1744028040,1744028039,59,ok,ok,ok,ok
crash-3,105,1744028699,2025-04-07T12:24:59+00:00,22217006,0xab62c72a399c2c8b437fb1972e0e7b181c4d2d76836de821d1b76a3e025258d3,1744028699,2025-04-07T12:24:59+00:00,0,22217007,1744028711,1479.846353,1505.807,1485.248657,1485.842845,1483.63,1.7543,0.3651,0.2557,1092,15852,1744028640,1744028639,59,ok,ok,ok,ok
crash-3,106,1744029299,2025-04-07T12:34:59+00:00,22217055,0xdeb9208c5fb9acfcfee0aa78bf370a0b33b1885b459e5db71f773b1283c809ad,1744029299,2025-04-07T12:34:59+00:00,0,22217056,1744029311,1517.782207,1523.495747,1516.615426,1516.312149,1517.18,0.3764,-0.0769,-0.0397,288,16452,1744029240,1744029239,59,ok,ok,ok,ok
crash-3,107,1744029899,2025-04-07T12:44:59+00:00,22217105,0xb9e7fdbacdd0a2eef418c0370116e7223b44d96b4923ee9f977e935fa2feb40f,1744029899,2025-04-07T12:44:59+00:00,0,22217106,1744029911,1508.741599,1517.629031,1506.789885,1506.639221,1506.98,0.5891,-0.1294,-0.1168,348,17052,1744029840,1744029839,59,ok,ok,ok,ok
crash-3,108,1744030499,2025-04-07T12:54:59+00:00,22217155,0xc216a6ad51ba73d52c9dc774c43611a62625b471621dbe1b0ba5a8cebdfb9301,1744030499,2025-04-07T12:54:59+00:00,0,22217156,1744030511,1514.326757,1523.712024,1516.615426,1517.980926,1518.92,0.6198,0.1511,0.3033,312,17652,1744030440,1744030439,59,ok,ok,ok,ok
crash-3,109,1744031099,2025-04-07T13:04:59+00:00,22217205,0x6d1ee0482564ea142cb0e613d8941ed141526b4de6bcb28c87e4920d47a7ed25,1744031099,2025-04-07T13:04:59+00:00,0,22217206,1744031111,1523.160601,1524.200196,1518.132724,1518.132724,1516.91,0.0683,-0.3301,-0.4104,528,18252,1744031040,1744031039,59,ok,ok,ok,ok
crash-3,110,1744031699,2025-04-07T13:14:59+00:00,22217255,0x596c39a163830be8cf3a08ee7ee124b554ac026babc1305a926bfc20d890fa44,1744031699,2025-04-07T13:14:59+00:00,0,22217256,1744031711,1510.633588,1522.540359,1514.039499,1512.677545,1511.45,0.7882,0.2255,0.054,432,18852,1744031640,1744031639,59,ok,ok,ok,ok
crash-3,111,1744032299,2025-04-07T13:24:59+00:00,22217305,0xee0e296426f87d7754eb6122d418495a8dbbb7ef547a98b422bb31d2b84a13cf,1744032299,2025-04-07T13:24:59+00:00,0,22217306,1744032311,1510.633588,1519.770988,1510.71244,1509.051653,1509.16,0.6049,0.0052,-0.0975,1032,19452,1744032240,1744032239,59,ok,ok,ok,ok
crash-3,112,1744032899,2025-04-07T13:34:59+00:00,22217355,0x4ca08c1005e0385c376274179d1eb0b080c96fe1f9c83e74807d39cbdcf91857,1744032899,2025-04-07T13:34:59+00:00,0,22217356,1744032911,1509.788806,1520.016985,1506.337938,1510.259317,1510.87,0.6775,-0.2286,0.0716,144,20052,1744032840,1744032839,59,ok,ok,ok,ok
crash-3,113,1744033499,2025-04-07T13:44:59+00:00,22217403,0x115342ccc67faf8e41acdd67d9e9602af9bac76954cbc58ff6eb41b2bcb8c5e2,1744033499,2025-04-07T13:44:59+00:00,0,22217404,1744033511,1493.010539,1509.743246,1494.335907,1489.71087,1490.21,1.1207,0.0888,-0.1876,132,20652,1744033440,1744033439,59,ok,ok,ok,ok
crash-3,114,1744034099,2025-04-07T13:54:59+00:00,22217453,0x3ec6819a000acd8bbabe6ed2a21439edda888eefa4052c6f9dca28036de92111,1744034099,2025-04-07T13:54:59+00:00,0,22217454,1744034111,1537.513536,1539.176774,1534.156293,1543.234115,1543.5,0.1082,-0.2184,0.3894,144,21252,1744034040,1744034039,59,ok,ok,ok,ok
crash-3,115,1744034699,2025-04-07T14:04:59+00:00,22217503,0xecc60b73156320dd0d30ceaa5cf969f40d92f62ac12e249eebb39c46c862e597,1744034699,2025-04-07T14:04:59+00:00,0,22217504,1744034711,1546.411435,1540.902581,1547.870537,1546.1689,1543.61,-0.3562,0.0944,-0.1812,156,21852,1744034640,1744034639,59,ok,ok,ok,ok
crash-3,116,1744035299,2025-04-07T14:14:59+00:00,22217553,0x9185e9c6a4b6a4cd2bd4fb041ac836a3588eabf09c21336017559376bb33db9c,1744035299,2025-04-07T14:14:59+00:00,0,22217554,1744035311,1584.4967,1569.900004,1579.927744,1589.276401,1595.74,-0.9212,-0.2884,0.7096,12,22452,1744035240,1744035239,59,ok,ok,ok,ok
crash-3,117,1744035899,2025-04-07T14:24:59+00:00,22217602,0x663e485234619d09b1190af7aebd0ddec21b1469382a00d4c6aa61706414789b,1744035899,2025-04-07T14:24:59+00:00,0,22217603,1744035911,1563.845309,1556.538666,1584.515954,1568.750541,1572.06,-0.4672,1.3218,0.5253,12,23052,1744035840,1744035839,59,ok,ok,ok,ok
crash-3,118,1744036499,2025-04-07T14:34:59+00:00,22217652,0x105cf8464b13c28355e67e9b780851886a0340396286841bcb791526b2dc77db,1744036499,2025-04-07T14:34:59+00:00,0,22217653,1744036511,1569.838489,1551.738704,1568.593682,1573.306293,1583.27,-1.153,-0.0793,0.8556,12,23652,1744036440,1744036439,59,ok,ok,ok,ok
crash-3,119,1744037099,2025-04-07T14:44:59+00:00,22217702,0x76bde5b946fb134a6eae8db6232661ce5ddbddfb6b211dd1c4b4024def583ef3,1744037099,2025-04-07T14:44:59+00:00,0,22217703,1744037111,1559.285002,1551.644723,1555.940022,1561.238957,1559.27,-0.49,-0.2145,-0.001,96,24252,1744037040,1744037039,59,ok,ok,ok,ok
crash-3,120,1744037699,2025-04-07T14:54:59+00:00,22217751,0xf5a0259621ef8603c2b0c4f3035f34a8b8906d96f7f847acd187bc435c665ef6,1744037699,2025-04-07T14:54:59+00:00,0,22217752,1744037711,1568.235605,1560.920578,1570.319998,1575.037795,1571.94,-0.4664,0.1329,0.2362,252,24852,1744037640,1744037639,59,ok,ok,ok,ok
crash-3,121,1744038299,2025-04-07T15:04:59+00:00,22217801,0x25ffb03ab0454e0140e49748b64860456420ce7575c7dd8ae040317ae9cf08ad,1744038299,2025-04-07T15:04:59+00:00,0,22217802,1744038311,1576.320295,1558.654607,1572.519876,1573.306293,1576.34,-1.1207,-0.2411,0.0013,36,25452,1744038240,1744038239,59,ok,ok,ok,ok
crash-3,122,1744038899,2025-04-07T15:14:59+00:00,22217849,0xfa9c87db5f9d99fa8a00197bb04ccbdfdc7e98521b2bdfb179393c5d52742704,1744038899,2025-04-07T15:14:59+00:00,0,22217850,1744038911,1563.225268,1546.757489,1560.926756,1561.55122,1567.23,-1.0534,-0.147,0.2562,144,26052,1744038840,1744038839,59,ok,ok,ok,ok
crash-3,123,1744039499,2025-04-07T15:24:59+00:00,22217897,0xe1a76dea1c749e896ca7adce7b985103cca9f49fa0763a0640e2007d2e6c99b5,1744039499,2025-04-07T15:24:59+00:00,0,22217898,1744039511,1551.029946,1553.858361,1551.589701,1546.1689,1548.63,0.1824,0.0361,-0.1547,396,26652,1744039440,1744039439,59,ok,ok,ok,ok
crash-3,124,1744040099,2025-04-07T15:34:59+00:00,22217947,0x334937be53676fcc12297f1bd5b5581815e457b50b3d15edf4f2f1e15f642fbe,1744040099,2025-04-07T15:34:59+00:00,0,22217948,1744040111,1549.822265,1556.196596,1548.799491,1550.504023,1549.59,0.4113,-0.066,-0.015,96,27252,1744040040,1744040039,59,ok,ok,ok,ok
crash-3,125,1744040699,2025-04-07T15:44:59+00:00,22217997,0x1f13219bba8d1981a77ec6af27b768be015e606a2eefa1ae1b67acf2b64f7217,1744040699,2025-04-07T15:44:59+00:00,0,22217998,1744040711,1567.725317,1563.75453,1563.426112,1565.772894,1565.47,-0.2533,-0.2742,-0.1439,156,27852,1744040640,1744040639,59,ok,ok,ok,ok
crash-3,126,1744041299,2025-04-07T15:54:59+00:00,22218047,0xc31fd23be37d92cfbdb4cdcb324be69ff4ce23790ffe8312a5d86a931b4b37d0,1744041299,2025-04-07T15:54:59+00:00,0,22218048,1744041311,1559.617925,1560.102286,1559.990527,1554.8513,1554.71,0.0311,0.0239,-0.3147,456,28452,1744041240,1744041239,59,ok,ok,ok,ok
crash-3,127,1744041899,2025-04-07T16:04:59+00:00,22218097,0xdd9cffcd3b26b493c312608eeb4853f5740780fa9152a26912b03654731c0028,1744041899,2025-04-07T16:04:59+00:00,0,22218098,1744041911,1550.97134,1558.022044,1552.365651,1551.124317,1550.53,0.4546,0.0899,-0.0285,156,29052,1744041840,1744041839,59,ok,ok,ok,ok
crash-3,128,1744042499,2025-04-07T16:14:59+00:00,22218147,0x3a250d3cf59787ad949cce52dae1320e91923a4616cb548f6e80916fb0b8b960,1744042499,2025-04-07T16:14:59+00:00,0,22218148,1744042511,1543.123756,1554.684698,1546.787461,1550.193968,1550.46,0.7492,0.2374,0.4754,240,29652,1744042440,1744042439,59,ok,ok,ok,ok
crash-3,129,1744043099,2025-04-07T16:24:59+00:00,22218197,0x3c31abf57f763530038c18b4bf6c8f365424b7d84f21b3312d5a4546cd980f2e,1744043099,2025-04-07T16:24:59+00:00,0,22218198,1744043111,1541.423799,1549.890631,1538.919319,1538.15009,1536.11,0.5493,-0.1625,-0.3447,0,30252,1744043040,1744043039,59,ok,ok,ok,ok
crash-3,130,1744043699,2025-04-07T16:34:59+00:00,22218247,0x7bd4aecb136aa75fbff60171463364c0cd0feb63ed0c984a48fea356683e2757,1744043699,2025-04-07T16:34:59+00:00,0,22218248,1744043711,1549.44904,1557.146288,1552.520888,1552.21043,1552.21,0.4968,0.1983,0.1782,456,30852,1744043640,1744043639,59,ok,ok,ok,ok
crash-3,131,1744044299,2025-04-07T16:44:59+00:00,22218297,0xfba349239027a333a9163c6c1a6133132d00b246cb8c482372543d2d3aa72f80,1744044299,2025-04-07T16:44:59+00:00,0,22218298,1744044311,1539.303657,1548.985222,1540.921115,1537.073815,1536.14,0.629,0.1051,-0.2055,156,31452,1744044240,1744044239,59,ok,ok,ok,ok
crash-3,132,1744044899,2025-04-07T16:54:59+00:00,22218347,0x294708af87ba1bd5dad9d023e5b350bde9c8f5cde6913731037bbbfbb41cb9a4,1744044899,2025-04-07T16:54:59+00:00,0,22218348,1744044911,1530.134691,1547.317845,1535.077017,1535.537587,1535.11,1.123,0.323,0.3252,360,32052,1744044840,1744044839,59,ok,ok,ok,ok
crash-3,133,1744045499,2025-04-07T17:04:59+00:00,22218397,0x91f0ce0f0edca3e6e400ae3a0358953c687e2c6d659e8b316514a03d69d64aab,1744045499,2025-04-07T17:04:59+00:00,0,22218398,1744045511,1543.483938,1550.913097,1544.778044,1540.3049,1540.13,0.4813,0.0838,-0.2173,48,32652,1744045440,1744045439,59,ok,ok,ok,ok
crash-3,134,1744046099,2025-04-07T17:14:59+00:00,22218447,0x4bda5a125654b213a64d8e165b784d1f5e4f2e1353435ba99a250b447c27c6a9,1744046099,2025-04-07T17:14:59+00:00,0,22218448,1744046111,1543.483938,1554.249533,1544.932522,1549.729003,1548.19,0.6975,0.0939,0.3049,648,33252,1744046040,1744046039,59,ok,ok,ok,ok
crash-3,135,1744046699,2025-04-07T17:24:59+00:00,22218497,0x8f99b412722da47e0ecb310b80c481c95230f5d0bbbdbf2be769162d29d5f4ff,1744046699,2025-04-07T17:24:59+00:00,0,22218498,1744046711,1553.964644,1556.365752,1550.504023,1551.74486,1551.38,0.1545,-0.2227,-0.1663,504,33852,1744046640,1744046639,59,ok,ok,ok,ok
crash-3,136,1744047299,2025-04-07T17:34:59+00:00,22218547,0x68a2633ade49f30c6a8a9972147986bd1c77c6ebdd8f9972e5bce0e63e0ba359,1744047299,2025-04-07T17:34:59+00:00,0,22218548,1744047311,1553.964644,1557.557565,1554.229515,1553.141989,1552.84,0.2312,0.017,-0.0724,1104,34452,1744047240,1744047239,59,ok,ok,ok,ok
crash-3,137,1744047899,2025-04-07T17:44:59+00:00,22218597,0xd9fb1548fff6abb7cf6627459cf4109b433a340d82cc17d39ccf04ef4700aa4b,1744047899,2025-04-07T17:44:59+00:00,0,22218598,1744047911,1563.032407,1564.213869,1563.738813,1566.712593,1567.81,0.0756,0.0452,0.3057,300,35052,1744047840,1744047839,59,ok,ok,ok,ok
crash-3,138,1744048499,2025-04-07T17:54:59+00:00,22218647,0x52bad070967b345ff4eff59df0971e3bca49a819869993a5978d4d25c602b4e9,1744048499,2025-04-07T17:54:59+00:00,0,22218648,1744048511,1563.342575,1564.506307,1563.738813,1564.207982,1563.6,0.0744,0.0253,0.0165,300,35652,1744048440,1744048439,59,ok,ok,ok,ok
crash-3,139,1744049099,2025-04-07T18:04:59+00:00,22218697,0x5ea5a48d2fc1698e66c22ab32f7f3bbe51baa545a6999403376e93d138191621,1744049099,2025-04-07T18:04:59+00:00,0,22218698,1744049111,1563.342575,1563.758295,1562.957178,1563.895187,1563.21,0.0266,-0.0247,-0.0085,900,36252,1744049040,1744049039,59,ok,ok,ok,ok
crash-3,140,1744049699,2025-04-07T18:14:59+00:00,22218747,0xb60ad23dc29835a79f2fd81aad5397ff30de845be18b426138cbcb039aee4542,1744049699,2025-04-07T18:14:59+00:00,0,22218748,1744049711,1563.455283,1560.728973,1558.431394,1557.496663,1556.93,-0.1744,-0.3213,-0.4174,240,36852,1744049640,1744049639,59,ok,ok,ok,ok
crash-3,141,1744050299,2025-04-07T18:24:59+00:00,22218794,0x8de04e41f16498c84a7ef2f4785c5d101c70b03c338caefc7141e524ed9582e6,1744050299,2025-04-07T18:24:59+00:00,0,22218795,1744050311,1564.316134,1564.511628,1566.399297,1563.426112,1563.87,0.0125,0.1332,-0.0285,384,37452,1744050240,1744050239,59,ok,ok,ok,ok
crash-3,142,1744050899,2025-04-07T18:34:59+00:00,22218844,0x9a6d22e432e99279249e95caf10537399bac99c6535522076b5eb239ef5d3974,1744050899,2025-04-07T18:34:59+00:00,0,22218845,1744050911,1556.094787,1557.773215,1551.124317,1551.434558,1550.45,0.1079,-0.3194,-0.3628,444,38052,1744050840,1744050839,59,ok,ok,ok,ok
crash-3,143,1744051499,2025-04-07T18:44:59+00:00,22218893,0xc9fb3a5d0eb28475af4fc21544e64e9d64bb84940ad1b5fbf479bb737ba8bf05,1744051499,2025-04-07T18:44:59+00:00,0,22218894,1744051511,1563.965317,1563.689754,1562.800898,1563.582455,1562.64,-0.0176,-0.0745,-0.0847,204,38652,1744051440,1744051439,59,ok,ok,ok,ok
crash-3,144,1744052099,2025-04-07T18:54:59+00:00,22218943,0x2cad3a18190fdf57a5417b47189960148e4776e2a7d5ccf99f06a2cbe4ade895,1744052099,2025-04-07T18:54:59+00:00,0,22218944,1744052111,1555.454044,1558.420951,1555.784444,1553.141989,1554.42,0.1907,0.0212,-0.0665,180,39252,1744052040,1744052039,59,ok,ok,ok,ok
crash-4,0,1750498319,2025-06-21T09:31:59+00:00,22751962,0xc0407d7d69e99a583a8cc0d2f541cc0641908093f31bc349915bcfe98f03ef06,1750498319,2025-06-21T09:31:59+00:00,0,22751963,1750498331,2442.145511,2428.16537,2438.681223,2437.705994,2436.61,-0.5725,-0.1419,-0.2267,1980,5484,1750498260,1750498259,59,ok,ok,ok,ok
crash-4,1,1750498919,2025-06-21T09:41:59+00:00,22752012,0xd5665e807e13644e35f932996021cd858bf7469ee8709452f243af38f1752cad,1750498919,2025-06-21T09:41:59+00:00,0,22752013,1750498931,2442.145511,2428.993034,2440.144797,2440.144797,2441.2,-0.5386,-0.0819,-0.0387,2580,6084,1750498860,1750498859,59,ok,ok,ok,ok
crash-4,2,1750499519,2025-06-21T09:51:59+00:00,22752062,0x7d90c9b95fee1154a9cd95c3f2d95e9bcb474779b1cceebb3f2e149f056562ae,1750499519,2025-06-21T09:51:59+00:00,0,22752063,1750499531,2442.145511,2432.683227,2442.830299,2443.563221,2441.76,-0.3875,0.028,-0.0158,3180,6684,1750499460,1750499459,59,ok,ok,ok,ok
crash-4,3,1750500119,2025-06-21T10:01:59+00:00,22752112,0x04e21fd4bb357497a3e031358791808987cc699a8f5c55de284ceb5be92d9c05,1750500119,2025-06-21T10:01:59+00:00,0,22752113,1750500131,2444.936741,2433.136665,2445.763308,2445.518756,2444.91,-0.4826,0.0338,-0.0011,144,7284,1750500060,1750500059,59,ok,ok,ok,ok
crash-4,4,1750500719,2025-06-21T10:11:59+00:00,22752162,0xe72311313bf8d740bec63960f3f4e192235e6242adf7901b517e5e249a056112,1750500719,2025-06-21T10:11:59+00:00,0,22752163,1750500731,2444.936741,2432.541015,2444.785247,2444.051958,2443.32,-0.507,-0.0062,-0.0661,744,7884,1750500660,1750500659,59,ok,ok,ok,ok
crash-4,5,1750501319,2025-06-21T10:21:59+00:00,22752212,0xbf1359df80abd1652435e6e4035c7c2d29b6ffc27be5c1654116f7deb6455ece,1750501319,2025-06-21T10:21:59+00:00,0,22752213,1750501331,2444.936741,2440.18165,2439.900807,2439.900807,2440.5,-0.1945,-0.206,-0.1815,1344,8484,1750501260,1750501259,59,ok,ok,ok,ok
crash-4,6,1750501919,2025-06-21T10:31:59+00:00,22752262,0x7128a4d90b4345d81d8faa7922a80f133b001a3e0d2d32f829b5e48abddfd2c1,1750501919,2025-06-21T10:31:59+00:00,0,22752263,1750501931,2444.936741,2441.032409,2441.853411,2442.341806,2442.66,-0.1597,-0.1261,-0.0931,1944,9084,1750501860,1750501859,59,ok,ok,ok,ok
crash-4,7,1750502519,2025-06-21T10:41:59+00:00,22752312,0xa79f1f298fc29ec00f527507c6b08ee8b1355e6fcc0d24e46440edd6b1c70a41,1750502519,2025-06-21T10:41:59+00:00,0,22752313,1750502531,2444.936741,2439.815376,2441.121001,2439.168983,2440.08,-0.2095,-0.1561,-0.1986,2544,9684,1750502460,1750502459,59,ok,ok,ok,ok
crash-4,8,1750503119,2025-06-21T10:51:59+00:00,22752361,0x9faa8c1d8750eea1313a9f74cde2ae399c83263857e12005d39a0d1fe1034ce9,1750503119,2025-06-21T10:51:59+00:00,0,22752362,1750503131,2444.936741,2438.514666,2435.513155,2436.243882,2437.7,-0.2627,-0.3854,-0.296,3144,10284,1750503060,1750503059,59,ok,ok,ok,ok
crash-4,9,1750503719,2025-06-21T11:01:59+00:00,22752411,0x002b524d724c52168e32278d6638f17ea15f8eb1300513c3323861d7556e9147,1750503719,2025-06-21T11:01:59+00:00,0,22752412,1750503731,2439.794111,2439.326677,2438.925091,2439.168983,2438.4,-0.0192,-0.0356,-0.0571,132,10884,1750503660,1750503659,59,ok,ok,ok,ok
crash-4,10,1750504319,2025-06-21T11:11:59+00:00,22752461,0x1bc4ee0b1c7b6fbfdfa6b3ca5cc8995d157e91420a1e82fc8c76d696946606c6,1750504319,2025-06-21T11:11:59+00:00,0,22752462,1750504331,2439.794111,2440.131589,2439.4129,2440.876914,2441.76,0.0138,-0.0156,0.0806,732,11484,1750504260,1750504259,59,ok,ok,ok,ok
crash-4,11,1750504919,2025-06-21T11:21:59+00:00,22752511,0xd3020df50fed3cf86de3fb0b017c3acc1c214544f2312ddff8cbcf6e94efacc7,1750504919,2025-06-21T11:21:59+00:00,0,22752512,1750504931,2439.794111,2440.316093,2440.876914,2441.365114,2442.57,0.0214,0.0444,0.1138,1332,12084,1750504860,1750504859,59,ok,ok,ok,ok
crash-4,12,1750505519,2025-06-21T11:31:59+00:00,22752561,0xfcd46b62ab5ba9f6bd864cedf47bcd18f804ee0e0cc90b9c08e0aa2b9df9b2e5,1750505519,2025-06-21T11:31:59+00:00,0,22752562,1750505531,2439.794111,2440.919433,2443.074582,2443.074582,2443.62,0.0461,0.1345,0.1568,1932,12684,1750505460,1750505459,59,ok,ok,ok,ok
crash-4,13,1750506119,2025-06-21T11:41:59+00:00,22752611,0x3fc5bb2505ee2a314fe04d9f13b0d289344f6b6a8ec6c463836005d6a8ff4d63,1750506119,2025-06-21T11:41:59+00:00,0,22752612,1750506131,2439.794111,2441.608399,2445.274229,2445.274229,2443.9,0.0744,0.2246,0.1683,2532,13284,1750506060,1750506059,59,ok,ok,ok,ok
crash-4,14,1750506719,2025-06-21T11:51:59+00:00,22752661,0x991fb91cd7f8e21ef6cefc7846ca7dc62429f48b04a6687e42bf8d5f31eb9c55,1750506719,2025-06-21T11:51:59+00:00,0,22752662,1750506731,2439.794111,2439.831809,2441.60925,2440.632851,2439.72,0.0015,0.0744,-0.003,3132,13884,1750506660,1750506659,59,ok,ok,ok,ok
crash-4,15,1750507319,2025-06-21T12:01:59+00:00,22752711,0xd221d2edc97b4fc5f4084d8e51170ca971068173059d53ea825f902c7c302c8f,1750507319,2025-06-21T12:01:59+00:00,0,22752712,1750507331,2443.386534,2441.098521,2443.318889,2443.074582,2443.08,-0.0936,-0.0028,-0.0125,96,14484,1750507260,1750507259,59,ok,ok,ok,ok
crash-4,16,1750507919,2025-06-21T12:11:59+00:00,22752760,0xc8d69e3fbde793cfbb6caa4fcd22157e7898ae9c02c9f10b9ddd180cdf6d3c0c,1750507919,2025-06-21T12:11:59+00:00,0,22752761,1750507931,2443.386534,2441.732632,2443.807578,2444.296364,2445.13,-0.0677,0.0172,0.0714,696,15084,1750507860,1750507859,59,ok,ok,ok,ok
crash-4,17,1750508519,2025-06-21T12:21:59+00:00,22752810,0x01e7c410e4e525959fc98db8b71594027cfdedf074156986d76c00859799d815,1750508519,2025-06-21T12:21:59+00:00,0,22752811,1750508531,2443.386534,2441.107829,2443.563221,2442.830299,2442.6,-0.0933,0.0072,-0.0322,1296,15684,1750508460,1750508459,59,ok,ok,ok,ok
crash-4,18,1750509119,2025-06-21T12:31:59+00:00,22752859,0x35887d8ac0ed4860c6370b2e1ec09347b27e5e5b563cde17a7ffdd9bd0b0d1ca,1750509119,2025-06-21T12:31:59+00:00,0,22752860,1750509143,2443.386534,2441.222067,2442.830299,2442.58604,2443.6,-0.0886,-0.0228,0.0087,1896,16284,1750509060,1750509059,59,ok,ok,ok,ok
crash-4,19,1750509719,2025-06-21T12:41:59+00:00,22752908,0x10a09613c0a142ebec6cc794ca81607d5fb9af14c9e9690de63ee8ff3a0cce96,1750509719,2025-06-21T12:41:59+00:00,0,22752909,1750509731,2443.386534,2440.488834,2441.60925,2441.121001,2440.68,-0.1186,-0.0727,-0.1108,2496,16884,1750509660,1750509659,59,ok,ok,ok,ok
crash-4,20,1750510319,2025-06-21T12:51:59+00:00,22752958,0x9a2a592ccbe1e32f81b10e96295fab222bb926a695bb1168b4e2ece237953030,1750510319,2025-06-21T12:51:59+00:00,0,22752959,1750510331,2443.386534,2439.327399,2438.437379,2437.218526,2437.04,-0.1661,-0.2026,-0.2597,3096,17484,1750510260,1750510259,59,ok,ok,ok,ok
crash-4,21,1750510919,2025-06-21T13:01:59+00:00,22753007,0xa8ab79c5c757521c4dbed633f27323d545210530637e738a2dc1b1ce7f2b6e15,1750510919,2025-06-21T13:01:59+00:00,0,22753008,1750510931,2437.715657,2438.857591,2436.974828,2436.243882,2437.45,0.0468,-0.0304,-0.0109,60,18084,1750510860,1750510859,59,ok,ok,ok,ok
crash-4,22,1750511519,2025-06-21T13:11:59+00:00,22753055,0x19dad9ddaffb7ece880d1f140ed5051b6a4f3ec18aec6c56dd1418d0208059ee,1750511519,2025-06-21T13:11:59+00:00,0,22753056,1750511531,2437.715657,2439.798681,2438.925091,2438.681223,2438.38,0.0854,0.0496,0.0273,660,18684,1750511460,1750511459,59,ok,ok,ok,ok
crash-4,23,1750512119,2025-06-21T13:21:59+00:00,22753104,0xf8177a939bba3fe4d89b011308d9ad788e2b840e29ab175103dad7c74b351a51,1750512119,2025-06-21T13:21:59+00:00,0,22753105,1750512131,2437.715657,2440.603637,2441.853411,2442.097596,2441.15,0.1185,0.1697,0.1409,1260,19284,1750512060,1750512059,59,ok,ok,ok,ok
crash-4,24,1750512719,2025-06-21T13:31:59+00:00,22753154,0x70cefb4fcf5f9cd7f0909a7f71481fd5910b476a662c56a36315da42cb4c5d03,1750512719,2025-06-21T13:31:59+00:00,0,22753155,1750512731,2437.715657,2440.959438,2441.853411,2442.097596,2442.81,0.1331,0.1697,0.209,1860,19884,1750512660,1750512659,59,ok,ok,ok,ok
crash-4,25,1750513319,2025-06-21T13:41:59+00:00,22753204,0x085ba411245db37894fb2ffce2ac1cf49a098fa211baac3d230bd1035d1f952a,1750513319,2025-06-21T13:41:59+00:00,0,22753205,1750513331,2437.715657,2438.953,2436.974828,2436.487506,2435.96,0.0508,-0.0304,-0.072,2460,20484,1750513260,1750513259,59,ok,ok,ok,ok
crash-4,26,1750513919,2025-06-21T13:51:59+00:00,22753253,0xd740b472e04da764401adc462041f83e4a76572a287604ac07c36fad6db20445,1750513919,2025-06-21T13:51:59+00:00,0,22753254,1750513931,2425.148772,2425.883305,2420.460438,2420.460438,2423.4,0.0303,-0.1933,-0.0721,264,21084,1750513860,1750513859,59,ok,ok,ok,ok
crash-4,27,1750514519,2025-06-21T14:01:59+00:00,22753303,0xbef341d51d4159b41a5993e92554bc7cdc0102a7a3a10a8124883a9b573a7ff1,1750514519,2025-06-21T14:01:59+00:00,0,22753304,1750514531,2425.148772,2426.142228,2420.944554,2421.186649,2422.05,0.041,-0.1734,-0.1278,864,21684,1750514460,1750514459,59,ok,ok,ok,ok
crash-4,28,1750515119,2025-06-21T14:11:59+00:00,22753352,0x29ecffe53d7a0ceca3cfe8d37f5bd7b33c0a4393d9b45db3dff452c146e23993,1750515119,2025-06-21T14:11:59+00:00,0,22753353,1750515131,2425.148772,2426.623023,2422.155268,2421.913077,2421.19,0.0608,-0.1234,-0.1632,1464,22284,1750515060,1750515059,59,ok,ok,ok,ok
crash-4,29,1750515719,2025-06-21T14:21:59+00:00,22753402,0xaa30026b5d942078e9b3b9d526370a4d3613ef558a568135756cf1f0d9d848de,1750515719,2025-06-21T14:21:59+00:00,0,22753403,1750515731,2425.148772,2426.750059,2419.734445,2422.155268,2423.6,0.066,-0.2233,-0.0639,2064,22884,1750515660,1750515659,59,ok,ok,ok,ok
crash-4,30,1750516319,2025-06-21T14:31:59+00:00,22753452,0x0f948e38898f2dc79261b38a81dcacf0766cbd0a5d2b0e65c89d87b52351d4c3,1750516319,2025-06-21T14:31:59+00:00,0,22753453,1750516331,2425.148772,2425.924189,2419.250571,2419.734445,2419.9,0.032,-0.2432,-0.2164,2664,23484,1750516260,1750516259,59,ok,ok,ok,ok
crash-4,31,1750516919,2025-06-21T14:41:59+00:00,22753501,0xb8d6c1c9043196af8961c79dce3101b0480362cf28ff863a843af935346e6815,1750516919,2025-06-21T14:41:59+00:00,0,22753502,1750516931,2425.148772,2430.702961,2431.133393,2428.703597,2427.84,0.229,0.2468,0.111,3264,24084,1750516860,1750516859,59,ok,ok,ok,ok
crash-4,32,1750517519,2025-06-21T14:51:59+00:00,22753551,0x8323330de339a89a20f4c7f9c1c16eeb463f9d0ec3e21f1f09c449721dde9b43,1750517519,2025-06-21T14:51:59+00:00,0,22753552,1750517531,2419.514639,2427.767596,2420.944554,2420.702484,2420.61,0.3411,0.0591,0.0453,240,24684,1750517460,1750517459,59,ok,ok,ok,ok
crash-4,33,1750518119,2025-06-21T15:01:59+00:00,22753599,0x0a3db91d24c348323378395838c492b2193ef9251458a21f9ba2bc85ee7b935b,1750518119,2025-06-21T15:01:59+00:00,0,22753600,1750518131,2419.514639,2429.029147,2422.155268,2423.851286,2425.44,0.3932,0.1091,0.2449,840,25284,1750518060,1750518059,59,ok,ok,ok,ok
crash-4,34,1750518719,2025-06-21T15:11:59+00:00,22753649,0x009a9c2afdaf24abc7333b20387202655351878f17d6d8ce7e21339e823eb40f,1750518719,2025-06-21T15:11:59+00:00,0,22753650,1750518731,2419.514639,2429.927228,2426.518856,2425.791046,2425.69,0.4304,0.2895,0.2552,1440,25884,1750518660,1750518659,59,ok,ok,ok,ok
crash-4,35,1750519319,2025-06-21T15:21:59+00:00,22753698,0x128567db98a8820b632ceec47c760f4baeff8269ab407b4392a6a9bdf3065457,1750519319,2025-06-21T15:21:59+00:00,0,22753699,1750519331,2419.514639,2428.575095,2422.881988,2422.639724,2421.7,0.3745,0.1392,0.0903,2040,26484,1750519260,1750519259,59,ok,ok,ok,ok
crash-4,36,1750519919,2025-06-21T15:31:59+00:00,22753747,0x103bc30d82e89995b3ff24dac31b1fd0b83dc525b0975c1c91aa2abaf88ac960,1750519919,2025-06-21T15:31:59+00:00,0,22753748,1750519931,2419.514639,2426.362074,2417.557772,2419.734445,2419.81,0.283,-0.0809,0.0122,2640,27084,1750519860,1750519859,59,ok,ok,ok,ok
crash-4,37,1750520519,2025-06-21T15:41:59+00:00,22753796,0xbf45c5e359f499e6792712273e56509b844fa488463fa6543f1a6ab3914e1f63,1750520519,2025-06-21T15:41:59+00:00,0,22753797,1750520531,2419.514639,2424.995346,2416.590991,2417.557772,2418.72,0.2265,-0.1208,-0.0328,3240,27684,1750520460,1750520459,59,ok,ok,ok,ok
crash-4,38,1750521119,2025-06-21T15:51:59+00:00,22753844,0x8857b1a8eab734c60868c461bbade26aebc0d3471a810e69c297a64a2d90cd31,1750521119,2025-06-21T15:51:59+00:00,0,22753845,1750521131,2415.109534,2424.456547,2416.590991,2416.349356,2415.12,0.387,0.0613,0.0004,216,28284,1750521060,1750521059,59,ok,ok,ok,ok
crash-4,39,1750521719,2025-06-21T16:01:59+00:00,22753894,0x7f02d57f7ec8767f6267bd5683024bca416f4539daa3ab7aaa727b592dc5c606,1750521719,2025-06-21T16:01:59+00:00,0,22753895,1750521731,2415.109534,2427.447945,2423.608925,2423.851286,2423.79,0.5109,0.3519,0.3594,816,28884,1750521660,1750521659,59,ok,ok,ok,ok
crash-4,40,1750522319,2025-06-21T16:11:59+00:00,22753944,0x8dbd595b82702ade18cde3c185d7836c4635a34400f24fa607abec9152c9bc0e,1750522319,2025-06-21T16:11:59+00:00,0,22753945,1750522331,2427.186263,2426.917641,2421.186649,2422.881988,2423.06,-0.0111,-0.2472,-0.17,540,29484,1750522260,1750522259,59,ok,ok,ok,ok
crash-4,41,1750522919,2025-06-21T16:21:59+00:00,22753993,0xd2054e059ba3a9672111a7e486871093f46c9bea297336b0a9fbb18987781a68,1750522919,2025-06-21T16:21:59+00:00,0,22753994,1750522931,2427.186263,2427.742892,2425.548491,2425.063454,2425.5,0.0229,-0.0675,-0.0695,1140,30084,1750522860,1750522859,59,ok,ok,ok,ok
crash-4,42,1750523519,2025-06-21T16:31:59+00:00,22754043,0x5486d5fc62067dfdd35a5e00add6c67f40828c92b211c238b5436c0b993a2313,1750523519,2025-06-21T16:31:59+00:00,0,22754044,1750523531,2427.186263,2428.258347,2426.761508,2427.004184,2427.3,0.0442,-0.0175,0.0047,1740,30684,1750523460,1750523459,59,ok,ok,ok,ok
crash-4,43,1750524119,2025-06-21T16:41:59+00:00,22754091,0x304bf242c2f6382a3814458a9245bccd9fc6739b8c893577da80a4c06cb23790,1750524107,2025-06-21T16:41:47+00:00,12,22754092,1750524131,2427.186263,2426.273953,2420.944554,2421.186649,2421.49,-0.0376,-0.2572,-0.2347,2328,31272,1750524060,1750524059,47,ok,ok,ok,ok
crash-4,44,1750524719,2025-06-21T16:51:59+00:00,22754141,0x9d21643aa351e761e27f81665ea3d58ee1df38e22d208ead92bd1e1282b4816f,1750524719,2025-06-21T16:51:59+00:00,0,22754142,1750524731,2427.186263,2424.626677,2417.316041,2415.624596,2415.79,-0.1055,-0.4067,-0.4695,2940,31884,1750524660,1750524659,59,ok,ok,ok,ok
crash-4,45,1750525319,2025-06-21T17:01:59+00:00,22754191,0xb57b17d6aa43449a912ef1d4240cf5db652f287a031b3edf735e869d52d527c5,1750525319,2025-06-21T17:01:59+00:00,0,22754192,1750525331,2427.186263,2425.347741,2419.492496,2419.00867,2418.61,-0.0757,-0.317,-0.3533,3540,32484,1750525260,1750525259,59,ok,ok,ok,ok
crash-4,46,1750525919,2025-06-21T17:11:59+00:00,22754241,0x7fdd3eb596b721905d1fe1a8114483d4174e2bee18caff2775d3c6636cb4fdfd,1750525919,2025-06-21T17:11:59+00:00,0,22754242,1750525931,2420.502551,2425.721217,2419.976418,2419.976418,2420.29,0.2156,-0.0217,-0.0088,516,33084,1750525860,1750525859,59,ok,ok,ok,ok
crash-4,47,1750526519,2025-06-21T17:21:59+00:00,22754291,0x895f040366500a46b9204b4a714b2afd9a1bc10d196d0a00d54e0ef3896c995c,1750526519,2025-06-21T17:21:59+00:00,0,22754292,1750526531,2420.502551,2426.920685,2422.155268,2423.124276,2422.28,0.2652,0.0683,0.0734,1116,33684,1750526460,1750526459,59,ok,ok,ok,ok
crash-4,48,1750527119,2025-06-21T17:31:59+00:00,22754341,0x018af882b9619b7410d45fb8958a93f3dae2251b30e74f0f774c653df8184abe,1750527119,2025-06-21T17:31:59+00:00,0,22754342,1750527131,2420.502551,2420.626137,2415.383058,2411.76288,2413.7,0.0051,-0.2115,-0.281,1716,34284,1750527060,1750527059,59,ok,ok,ok,ok
crash-4,49,1750527719,2025-06-21T17:41:59+00:00,22754391,0x0fa162430639404f01ebfa4337e5b3a129de7a11831eae151ee837077b94209a,1750527719,2025-06-21T17:41:59+00:00,0,22754392,1750527731,2408.13122,2414.293939,2404.298364,2400.214733,2401.2,0.2559,-0.1592,-0.2878,480,34884,1750527660,1750527659,59,ok,ok,ok,ok
crash-4,50,1750528319,2025-06-21T17:51:59+00:00,22754441,0x067a8eef19953a9d6ce3261752d1bf3e2b8d8aa07518b7e4bc799182ff185707,1750528319,2025-06-21T17:51:59+00:00,0,22754442,1750528331,2408.13122,2413.112143,2403.817577,2402.85629,2402.2,0.2068,-0.1791,-0.2463,1080,35484,1750528260,1750528259,59,ok,ok,ok,ok
crash-4,51,1750528919,2025-06-21T18:01:59+00:00,22754490,0x9bbf02091c6592203eeb618f67e911e0f8614e84117c09817bf788fcd165a611,1750528919,2025-06-21T18:01:59+00:00,0,22754491,1750528931,2408.13122,2413.461065,2400.6948,2402.616028,2402.4,0.2213,-0.3088,-0.238,1680,36084,1750528860,1750528859,59,ok,ok,ok,ok
crash-4,52,1750529519,2025-06-21T18:11:59+00:00,22754540,0xcbf05c8b8cf44cc9ec7629241d07d82aff7b9dbbbee441e7e6c16cd48f5bed97,1750529519,2025-06-21T18:11:59+00:00,0,22754541,1750529531,2408.13122,2414.451775,2405.981878,2404.298364,2403.42,0.2625,-0.0893,-0.1956,2280,36684,1750529460,1750529459,59,ok,ok,ok,ok
crash-4,53,1750530119,2025-06-21T18:21:59+00:00,22754590,0x4445ad63f275a80be430781e024d09ab01466a2d0cc091aeb9c0bac2189e24b8,1750530119,2025-06-21T18:21:59+00:00,0,22754591,1750530131,2408.13122,2414.037838,2405.500754,2402.85629,2404.28,0.2453,-0.1092,-0.1599,2880,37284,1750530060,1750530059,59,ok,ok,ok,ok
crash-4,54,1750530719,2025-06-21T18:31:59+00:00,22754639,0x6990866c112fbf49be969e5d528bcec53455104fcd821345667de3a22540adb3,1750530719,2025-06-21T18:31:59+00:00,0,22754640,1750530731,2408.13122,2414.232965,2404.298364,2405.019726,2404.98,0.2534,-0.1592,-0.1309,3480,37884,1750530660,1750530659,59,ok,ok,ok,ok
crash-4,55,1750531319,2025-06-21T18:41:59+00:00,22754689,0x9e1335ba7a74dbca00b9509c8e14e2bc6b6227f2ceaa52edb6cde3388eaa3c1e,1750531319,2025-06-21T18:41:59+00:00,0,22754690,1750531331,2406.195461,2416.125243,2410.55736,2410.798416,2411.75,0.4127,0.1813,0.2308,456,38484,1750531260,1750531259,59,ok,ok,ok,ok
crash-4,56,1750531919,2025-06-21T18:51:59+00:00,22754738,0x442da89adf45aa15b1c28c7a5a712320c2a5bda80ca7a8e091f0ee554fc13585,1750531919,2025-06-21T18:51:59+00:00,0,22754739,1750531931,2406.195461,2410.671597,2397.576081,2397.336347,2398.21,0.186,-0.3582,-0.3319,1056,39084,1750531860,1750531859,59,ok,ok,ok,ok
crash-4,57,1750532519,2025-06-21T19:01:59+00:00,22754787,0xc3e1536a5cf4af024c855f7e6ec4f9b8367466bc22a4166adcefab734d5f6c6d,1750532519,2025-06-21T19:01:59+00:00,0,22754788,1750532531,2393.269597,2403.690976,2388.483034,2388.005409,2388.89,0.4354,-0.2,-0.183,312,39684,1750532460,1750532459,59,ok,ok,ok,ok
crash-4,58,1750533119,2025-06-21T19:11:59+00:00,22754837,0x3b2009e5591766c8a7d2949a24af757c905d77a6301342960757abf3fa6c07b2,1750533119,2025-06-21T19:11:59+00:00,0,22754838,1750533131,2393.269597,2403.548122,2390.633529,2387.050445,2386.34,0.4295,-0.1101,-0.2895,912,40284,1750533060,1750533059,59,ok,ok,ok,ok
crash-4,59,1750533719,2025-06-21T19:21:59+00:00,22754887,0x0f5b6774ca7c65eca1acc12757e0c85d24057c189c3ba5cab1b12c1a5e8fb8c5,1750533719,2025-06-21T19:21:59+00:00,0,22754888,1750533731,2393.269597,2402.228906,2393.982592,2397.815838,2398.3,0.3744,0.0298,0.2102,1512,40884,1750533660,1750533659,59,ok,ok,ok,ok
crash-4,60,1750534319,2025-06-21T19:31:59+00:00,22754937,0x69222a0337ea4d1d89c99aebc0a4cc27407fab9654ac28a0fcea0660a2f1dc68,1750534319,2025-06-21T19:31:59+00:00,0,22754938,1750534331,2393.269597,2402.196541,2396.138038,2396.138038,2397.21,0.373,0.1199,0.1646,2112,41484,1750534260,1750534259,59,ok,ok,ok,ok
crash-4,61,1750534919,2025-06-21T19:41:59+00:00,22754986,0xf4ca32cbe92fa7e054f670bc457957171205540bb79a5031b4d9ad084401c320,1750534919,2025-06-21T19:41:59+00:00,0,22754987,1750534931,2393.269597,2398.836356,2388.244209,2386.573107,2387.53,0.2326,-0.21,-0.2398,2712,42084,1750534860,1750534859,59,ok,ok,ok,ok
crash-4,62,1750535519,2025-06-21T19:51:59+00:00,22755036,0xeb89f0fbd8c25e4e5aa916920cc78bd622325f5e782e01a87f168d6d1ec3210e,1750535519,2025-06-21T19:51:59+00:00,0,22755037,1750535531,2393.269597,2400.238457,2391.829085,2391.111679,2391.9,0.2912,-0.0602,-0.0572,3312,42684,1750535460,1750535459,59,ok,ok,ok,ok
crash-4,63,1750536119,2025-06-21T20:01:59+00:00,22755086,0xc60d26b14c477d2ec3e6436784795af12f3cc1c40df56e0f3220f9deccf49418,1750536119,2025-06-21T20:01:59+00:00,0,22755087,1750536131,2388.73374,2398.834445,2387.050445,2387.527879,2387.79,0.4228,-0.0705,-0.0395,276,43284,1750536060,1750536059,59,ok,ok,ok,ok
crash-4,64,1750536719,2025-06-21T20:11:59+00:00,22755136,0xd8059b29eab6cdad18c12145592f45f05b2d2994068bd04c8f86d3d17a816a2a,1750536719,2025-06-21T20:11:59+00:00,0,22755137,1750536731,2388.73374,2398.368367,2388.960754,2391.829085,2391.12,0.4033,0.0095,0.0999,876,43884,1750536660,1750536659,59,ok,ok,ok,ok
crash-4,65,1750537319,2025-06-21T20:21:59+00:00,22755185,0x499f51bd7310aa855e4ef9bf7f2330212af50e0737a9c29413ecb08a39837796,1750537319,2025-06-21T20:21:59+00:00,0,22755186,1750537331,2388.73374,2397.493988,2388.483034,2388.005409,2386.01,0.3667,-0.0105,-0.114,1476,44484,1750537260,1750537259,59,ok,ok,ok,ok
crash-4,66,1750537919,2025-06-21T20:31:59+00:00,22755235,0x6fbbf4826964fbe87cdb657c1f246258ff97696e80c07803723e4bdd3651a970,1750537919,2025-06-21T20:31:59+00:00,0,22755236,1750537931,2388.73374,2401.873632,2394.22199,2396.856952,2395.99,0.5501,0.2298,0.3038,2076,45084,1750537860,1750537859,59,ok,ok,ok,ok
crash-4,67,1750538519,2025-06-21T20:41:59+00:00,22755285,0x91c297a64ea46eac61a1b28b367400ad3ecfde908cc2caad7e3e554811285489,1750538519,2025-06-21T20:41:59+00:00,0,22755286,1750538531,2400.835128,2404.186665,2399.494813,2397.576081,2397.51,0.1396,-0.0558,-0.1385,576,45684,1750538460,1750538459,59,ok,ok,ok,ok
crash-4,68,1750539119,2025-06-21T20:51:59+00:00,22755335,0xeb2a478d791c3eb6a35824be10830d8bf4922a786890725bf521843a6ac2e859,1750539119,2025-06-21T20:51:59+00:00,0,22755336,1750539131,2400.835128,2404.063137,2399.734762,2398.295425,2398.26,0.1345,-0.0458,-0.1073,1176,46284,1750539060,1750539059,59,ok,ok,ok,ok
crash-4,69,1750539719,2025-06-21T21:01:59+00:00,22755384,0xbfea6e811bcdedd7c707bca50e655e8ad2591d6618ad66d043f03f544b17a166,1750539719,2025-06-21T21:01:59+00:00,0,22755385,1750539731,2400.835128,2407.993712,2405.741304,2404.538794,2404.9,0.2982,0.2044,0.1693,1776,46884,1750539660,1750539659,59,ok,ok,ok,ok
crash-4,70,1750540319,2025-06-21T21:11:59+00:00,22755434,0xda26628c9d7d81c9342a53435c158b82c2f014e1f82f5a5de2681f3fc9724898,1750540319,2025-06-21T21:11:59+00:00,0,22755435,1750540331,2400.835128,2405.757203,2398.05562,2396.61729,2396.2,0.205,-0.1158,-0.1931,2376,47484,1750540260,1750540259,59,ok,ok,ok,ok
crash-4,71,1750540919,2025-06-21T21:21:59+00:00,22755484,0xe60285f162619c2a056e5b7d4c9d5365175007b25c51cb893bb67465ed18b2ff,1750540919,2025-06-21T21:21:59+00:00,0,22755485,1750540931,2400.835128,2403.832359,2396.138038,2394.700859,2395.56,0.1248,-0.1956,-0.2197,2976,48084,1750540860,1750540859,59,ok,ok,ok,ok
crash-4,72,1750541519,2025-06-21T21:31:59+00:00,22755534,0x946fd53dbbdddc3ad1145bf8e016ed87daa56d11294dee59f61173d2582088ca,1750541519,2025-06-21T21:31:59+00:00,0,22755535,1750541531,2313.13347,2325.404904,2330.213013,2310.491126,2333.45,0.5305,0.7384,0.8783,0,48684,1750541460,1750541459,59,ok,ok,ok,ok
crash-4,73,1750542119,2025-06-21T21:41:59+00:00,22755584,0x09ee48376f285ed7e3dff30948700cfb08791233a6837094f99414736d6e5a90,1750542119,2025-06-21T21:41:59+00:00,0,22755585,1750542131,2296.8681,2332.252412,2285.901887,2293.686791,2295.28,1.5405,-0.4774,-0.0691,12,49284,1750542060,1750542059,59,ok,ok,ok,ok
crash-4,74,1750542719,2025-06-21T21:51:59+00:00,22755634,0x80eae1aff04ccee89e49effe19ee6d2f429fe29d0a4dba87cc02d7907705667d,1750542719,2025-06-21T21:51:59+00:00,0,22755635,1750542731,2296.8681,2330.511815,2294.604403,2295.063347,2296.71,1.4648,-0.0986,-0.0069,612,49884,1750542660,1750542659,59,ok,ok,ok,ok
crash-4,75,1750543319,2025-06-21T22:01:59+00:00,22755684,0x93a2d7d28ffab9d15e55139a93dae028dd4a70739c7552f62a03854437a39e7f,1750543319,2025-06-21T22:01:59+00:00,0,22755685,1750543331,2283.508406,2326.394413,2284.302396,2287.960022,2284.41,1.8781,0.0348,0.0395,288,50484,1750543260,1750543259,59,ok,ok,ok,ok
crash-4,76,1750543919,2025-06-21T22:11:59+00:00,22755734,0x3dbdeed58423a23d5dd018b7371567faa18fdbe5f74c792e8827e98f9cebd9eb,1750543919,2025-06-21T22:11:59+00:00,0,22755735,1750543931,2303.829762,2336.495327,2301.268081,2303.800742,2304.71,1.4179,-0.1112,0.0382,192,51084,1750543860,1750543859,59,ok,ok,ok,ok
crash-4,77,1750544519,2025-06-21T22:21:59+00:00,22755783,0x3b04665a98700bb997d4308f035a7d94954a95a84d152bad8c88f2dea9d84570,1750544519,2025-06-21T22:21:59+00:00,0,22755784,1750544531,2303.829762,2307.46109,2298.508353,2300.807896,2300.7,0.1576,-0.231,-0.1359,792,51684,1750544460,1750544459,59,ok,ok,ok,ok
crash-4,78,1750545119,2025-06-21T22:31:59+00:00,22755833,0x55722287cc57c1eaaced3bf8241ccb106660a7ee3638534f0c5c24a42a2c2dc3,1750545119,2025-06-21T22:31:59+00:00,0,22755834,1750545131,2303.829762,2309.500684,2305.644427,2302.879452,2304.2,0.2462,0.0788,0.0161,1392,52284,1750545060,1750545059,59,ok,ok,ok,ok
crash-4,79,1750545719,2025-06-21T22:41:59+00:00,22755882,0x2c3f0cfc04c84a3b427f3aea3063e67fa4c952524e5df5ce92ed8d540fed700e,1750545719,2025-06-21T22:41:59+00:00,0,22755883,1750545731,2287.753163,2297.981101,2291.852667,2286.587726,2285.36,0.4471,0.1792,-0.1046,120,52884,1750545660,1750545659,59,ok,ok,ok,ok
crash-4,80,1750546319,2025-06-21T22:51:59+00:00,22755931,0xa71d6957b74a688d2afc42bf7f453850720618521515935f79836511b0eeb3c3,1750546319,2025-06-21T22:51:59+00:00,0,22755932,1750546331,2287.753163,2298.115316,2286.587726,2289.562074,2291.5,0.4529,-0.0509,0.1638,720,53484,1750546260,1750546259,59,ok,ok,ok,ok
crash-4,81,1750546919,2025-06-21T23:01:59+00:00,22755981,0xb59c0e4ae686b14bac93e4d129bbee48322d0c54ced4591de17a7bffff2363d9,1750546919,2025-06-21T23:01:59+00:00,0,22755982,1750546931,2287.753163,2297.663366,2288.417637,2290.249012,2290.08,0.4332,0.029,0.1017,1320,54084,1750546860,1750546859,59,ok,ok,ok,ok
crash-4,82,1750547519,2025-06-21T23:11:59+00:00,22756031,0x97870b7d81f8a8e36f512ea060743acc43caab267500d734c0f612b99b68f7e3,1750547519,2025-06-21T23:11:59+00:00,0,22756032,1750547531,2287.753163,2296.909299,2284.302396,2284.073988,2285.3,0.4002,-0.1508,-0.1072,1920,54684,1750547460,1750547459,59,ok,ok,ok,ok
crash-4,83,1750548119,2025-06-21T23:21:59+00:00,22756080,0xc6ff684a87c54a28750320d611ad90fc9ca3e0af4b1e08fdd8de06f6f0b524e6,1750548119,2025-06-21T23:21:59+00:00,0,22756081,1750548131,2271.24097,2286.862426,2272.228221,2274.04664,2274.88,0.6878,0.0435,0.1602,168,55284,1750548060,1750548059,59,ok,ok,ok,ok
crash-4,84,1750548719,2025-06-21T23:31:59+00:00,22756130,0xf54bc67e26752820aa7c8ee0ff0423394a62e6ed60c2e4471e0679e3d989eba8,1750548719,2025-06-21T23:31:59+00:00,0,22756131,1750548731,2251.381707,2272.140662,2262.252878,2253.898425,2247.5,0.9221,0.4829,-0.1724,48,55884,1750548660,1750548659,59,ok,ok,ok,ok
crash-4,85,1750549319,2025-06-21T23:41:59+00:00,22756180,0x9f11b8bfb8fe7e00f2b0069c5e2dd94aa6c13a80587e7d259bdce8401d371c3d,1750549319,2025-06-21T23:41:59+00:00,0,22756181,1750549331,2239.051405,2259.038016,2242.433377,2240.416196,2238.68,0.8926,0.151,-0.0166,312,56484,1750549260,1750549259,59,ok,ok,ok,ok
crash-4,86,1750549919,2025-06-21T23:51:59+00:00,22756229,0x67da8e47166860e6be5e9b86c9f33d3e676ffa21c87055a1f46323d990e0a623,1750549919,2025-06-21T23:51:59+00:00,0,22756230,1750549931,2278.061709,2282.587104,2256.153338,2275.638951,2276.1,0.1987,-0.9617,-0.0861,48,57084,1750549860,1750549859,59,ok,ok,ok,ok
crash-4,87,1750550519,2025-06-22T00:01:59+00:00,22756279,0x965eab0efe7666577172193f5d2c73c4f8c02e75d0d1e0682b70bfa1a727c8fd,1750550519,2025-06-22T00:01:59+00:00,0,22756280,1750550531,2305.881391,2306.686647,2299.427894,2305.413886,2306.8,0.0349,-0.2799,0.0398,60,57684,1750550460,1750550459,59,ok,ok,ok,ok
crash-4,88,1750551119,2025-06-22T00:11:59+00:00,22756329,0x12073fafce62994025b0dd269ca738a853a36396d3b634a459e471a1cfbbea5d,1750551119,2025-06-22T00:11:59+00:00,0,22756330,1750551131,2279.551933,2285.552171,2284.073988,2276.776998,2275.78,0.2632,0.1984,-0.1655,0,58284,1750551060,1750551059,59,ok,ok,ok,ok
crash-4,89,1750551719,2025-06-22T00:21:59+00:00,22756379,0x78f122d1a0c74bb32f9a466641ed353fd56668bf44b7bcd5e139beb03093dc50,1750551719,2025-06-22T00:21:59+00:00,0,22756380,1750551731,2279.551933,2292.656922,2284.530826,2286.587726,2287.11,0.5749,0.2184,0.3316,600,58884,1750551660,1750551659,59,ok,ok,ok,ok
crash-4,90,1750552319,2025-06-22T00:31:59+00:00,22756429,0x0613ed29a7d60b84e7ad22d663775a2b6178cf5908fea9fdbe09a6b1ccf4e4d1,1750552319,2025-06-22T00:31:59+00:00,0,22756430,1750552331,2291.59499,2293.452591,2285.216254,2285.444775,2284.67,0.0811,-0.2784,-0.3022,552,59484,1750552260,1750552259,59,ok,ok,ok,ok
crash-4,91,1750552919,2025-06-22T00:41:59+00:00,22756478,0xcf6dbdc0bd4fde25b78e2017dc18d9399691e51cc29b1a8e69cb52950c993d9b,1750552907,2025-06-22T00:41:47+00:00,12,22756479,1750552931,2305.764811,2305.089481,2304.031122,2300.347804,2301.6,-0.0293,-0.0752,-0.1806,384,60072,1750552860,1750552859,47,ok,ok,ok,ok
crash-4,92,1750553519,2025-06-22T00:51:59+00:00,22756528,0x97227876ed571ce0a6f251a0f1b6e9e33fab8f64fa0af208e83827b638b2035e,1750553519,2025-06-22T00:51:59+00:00,0,22756529,1750553531,2292.743912,2303.104505,2297.359444,2295.751935,2296.51,0.4519,0.2013,0.1643,156,60684,1750553460,1750553459,59,ok,ok,ok,ok
crash-4,93,1750554119,2025-06-22T01:01:59+00:00,22756576,0xcc272e8f4bcbe2403a5f5abd53a14d3a1bc71ed5ddff8ec8b7549cdd32b4b400,1750554119,2025-06-22T01:01:59+00:00,0,22756577,1750554131,2292.743912,2299.799259,2294.833864,2293.686791,2293.31,0.3077,0.0912,0.0247,756,61284,1750554060,1750554059,59,ok,ok,ok,ok
crash-4,94,1750554719,2025-06-22T01:11:59+00:00,22756625,0xc9bd98500c02f456b106d5059329d4b8bee0c7d389dbf31eb343b74c5a0fc866,1750554719,2025-06-22T01:11:59+00:00,0,22756626,1750554731,2292.743912,2300.762107,2297.58918,2298.508353,2300.21,0.3497,0.2113,0.3256,1356,61884,1750554660,1750554659,59,ok,ok,ok,ok
crash-4,95,1750555319,2025-06-22T01:21:59+00:00,22756675,0x812d1db0b2ec68fdac64ef73abf60886eb67626c1ec283147cb0e20c2cee1c21,1750555319,2025-06-22T01:21:59+00:00,0,22756676,1750555331,2292.743912,2293.757863,2286.130477,2284.073988,2285.59,0.0442,-0.2885,-0.312,1956,62484,1750555260,1750555259,59,ok,ok,ok,ok
crash-4,96,1750555919,2025-06-22T01:31:59+00:00,22756725,0xa5f47de1599bd4d51d2b715c45e4d3e3a7a9deee19b814ac6656bf442131faca,1750555919,2025-06-22T01:31:59+00:00,0,22756726,1750555931,2281.234965,2292.637083,2286.35909,2284.302396,2286.96,0.4998,0.2246,0.251,456,63084,1750555860,1750555859,59,ok,ok,ok,ok
crash-4,97,1750556519,2025-06-22T01:41:59+00:00,22756774,0x190f42cd706313fae947d7fbfc9bf0f52d0e966d809fd823106e0655a251a750,1750556519,2025-06-22T01:41:59+00:00,0,22756775,1750556531,2281.234965,2284.879598,2273.137249,2272.68269,2272.04,0.1598,-0.355,-0.4031,1056,63684,1750556460,1750556459,59,ok,ok,ok,ok
crash-4,98,1750557119,2025-06-22T01:51:59+00:00,22756824,0x98abb1cd4f9dc9676350bdfca42cf4cdba777b09862f6b98aa264a985900bbe1,1750557119,2025-06-22T01:51:59+00:00,0,22756825,1750557131,2281.234965,2287.674606,2278.143405,2280.878682,2282.03,0.2823,-0.1355,0.0349,1656,64284,1750557060,1750557059,59,ok,ok,ok,ok
crash-4,99,1750557719,2025-06-22T02:01:59+00:00,22756873,0x49b2f3699b466187ebe918485cca3b44ca6b43482dd10e8c8b9bcf68496200e3,1750557719,2025-06-22T02:01:59+00:00,0,22756874,1750557731,2267.554804,2282.848521,2269.503319,2268.822604,2268.54,0.6745,0.0859,0.0434,192,64884,1750557660,1750557659,59,ok,ok,ok,ok
crash-4,100,1750558319,2025-06-22T02:11:59+00:00,22756922,0x0914480ffb295824995c94146948c7cd85004bcef16be3572c1e856e26c706b5,1750558319,2025-06-22T02:11:59+00:00,0,22756923,1750558331,2267.460119,2275.206743,2264.063314,2260.44389,2257.29,0.3416,-0.1498,-0.4485,216,65484,1750558260,1750558259,59,ok,ok,ok,ok
crash-4,101,1750558919,2025-06-22T02:21:59+00:00,22756970,0x5c85188fe1bb4dcf91b2dbcacf83ce94d100838fd0abef319152e8d1c896cea4,1750558919,2025-06-22T02:21:59+00:00,0,22756971,1750558931,2267.460119,2274.97864,2267.008363,2263.157915,2262.32,0.3316,-0.0199,-0.2267,816,66084,1750558860,1750558859,59,ok,ok,ok,ok
crash-4,102,1750559519,2025-06-22T02:31:59+00:00,22757020,0xb5b9704f0ec73373d09f16f6376dfe0f42c2cde35a459233835321832e4ede37,1750559519,2025-06-22T02:31:59+00:00,0,22757021,1750559531,2267.460119,2273.130051,2264.28972,2264.742601,2263.38,0.2501,-0.1398,-0.1799,1416,66684,1750559460,1750559459,59,ok,ok,ok,ok
crash-4,103,1750560119,2025-06-22T02:41:59+00:00,22757070,0xb962a90f6cad3b92e9973590ed4281d2b6a7fc942ddd6ec073ae391f40c6ccf3,1750560119,2025-06-22T02:41:59+00:00,0,22757071,1750560131,2253.698055,2268.242482,2258.184689,2253.222391,2253.56,0.6454,0.1991,-0.0061,72,67284,1750560060,1750560059,59,ok,ok,ok,ok
crash-4,104,1750560719,2025-06-22T02:51:59+00:00,22757120,0x005438a3c20393ca746b78b7142a347092818f7b7d9a54d1a8b293ccf44bc754,1750560719,2025-06-22T02:51:59+00:00,0,22757121,1750560731,2265.176376,2274.275113,2266.781684,2268.822604,2271.48,0.4017,0.0709,0.2783,276,67884,1750560660,1750560659,59,ok,ok,ok,ok
crash-4,105,1750561319,2025-06-22T03:01:59+00:00,22757170,0xd7fde7c50fb400385ffd7ff7cbbea96e196908ef2dd75e88da02243cda618945,1750561319,2025-06-22T03:01:59+00:00,0,22757171,1750561331,2265.176376,2276.332556,2268.142094,2269.503319,2270.18,0.4925,0.1309,0.2209,876,68484,1750561260,1750561259,59,ok,ok,ok,ok
crash-4,106,1750561919,2025-06-22T03:11:59+00:00,22757219,0x9b07565f431904a100969ea7177ac8c80170d501cfa9f23cacd6a50ce6eb7ea5,1750561919,2025-06-22T03:11:59+00:00,0,22757220,1750561931,2265.176376,2278.788915,2272.228221,2273.364563,2272.97,0.6009,0.3113,0.3441,1476,69084,1750561860,1750561859,59,ok,ok,ok,ok
crash-4,107,1750562519,2025-06-22T03:21:59+00:00,22757269,0xc305a4e3f51a352308933fdf7da8b000f5bfa6e9c62cf668b46aef9baa068b87,1750562519,2025-06-22T03:21:59+00:00,0,22757270,1750562531,2265.176376,2273.633035,2269.049486,2262.931622,2263.55,0.3733,0.171,-0.0718,2076,69684,1750562460,1750562459,59,ok,ok,ok,ok
crash-4,108,1750563119,2025-06-22T03:31:59+00:00,22757319,0xb4bccb6f1c1d0fc946ec4339043d8c214506e1c3415ba2e3dfa7a46eb8611716,1750563119,2025-06-22T03:31:59+00:00,0,22757320,1750563131,2265.176376,2271.213456,2257.507369,2259.765892,2258.28,0.2665,-0.3386,-0.3045,2676,70284,1750563060,1750563059,59,ok,ok,ok,ok
crash-4,109,1750563719,2025-06-22T03:41:59+00:00,22757368,0x55ec3f64fc24302cf19d68b4192048547184323ffb3550f8ced56f419566f1e0,1750563719,2025-06-22T03:41:59+00:00,0,22757369,1750563731,2265.176376,2271.431303,2263.384231,2261.800495,2262.25,0.2761,-0.0791,-0.1292,3276,70884,1750563660,1750563659,59,ok,ok,ok,ok
crash-4,110,1750564319,2025-06-22T03:51:59+00:00,22757417,0xdb72ec2f84091cfd45c463f1f68bbe15149715d7abfd8703a8bce364650523eb,1750564319,2025-06-22T03:51:59+00:00,0,22757418,1750564331,2265.108586,2269.889558,2262.026675,2260.44389,2259.96,0.2111,-0.1361,-0.2273,252,71484,1750564260,1750564259,59,ok,ok,ok,ok
crash-4,111,1750564919,2025-06-22T04:01:59+00:00,22757467,0x89644920136ff7a57d4e4647d77c92dadb5b521943eff82563d5ca4fd357af58,1750564919,2025-06-22T04:01:59+00:00,0,22757468,1750564931,2265.108586,2273.348825,2263.384231,2266.101786,2265.41,0.3638,-0.0761,0.0133,852,72084,1750564860,1750564859,59,ok,ok,ok,ok
crash-4,112,1750565519,2025-06-22T04:11:59+00:00,22757517,0x2fd0524c26b850c8bca538192ee4e100bdff2b7af0c616718b8706c20084deab,1750565519,2025-06-22T04:11:59+00:00,0,22757518,1750565531,2279.212425,2280.399011,2277.232376,2281.106769,2280.36,0.0521,-0.0869,0.0503,108,72684,1750565460,1750565459,59,ok,ok,ok,ok
crash-4,113,1750566119,2025-06-22T04:21:59+00:00,22757567,0xef268e7ad20c255d1282006dc68cf6a90a3c467a0ca080949b2c1f54b40962a5,1750566119,2025-06-22T04:21:59+00:00,0,22757568,1750566131,2279.212425,2278.563035,2278.37122,2277.004675,2278.33,-0.0285,-0.0369,-0.0387,708,73284,1750566060,1750566059,59,ok,ok,ok,ok
crash-4,114,1750566719,2025-06-22T04:31:59+00:00,22757617,0x7469f0bd5bc22a79736aa89f7dbf736d20e2b786e34a5b39e90fef9453e85c6d,1750566719,2025-06-22T04:31:59+00:00,0,22757618,1750566731,2279.212425,2284.636381,2281.33488,2285.67332,2285.54,0.238,0.0931,0.2776,1308,73884,1750566660,1750566659,59,ok,ok,ok,ok
crash-4,115,1750567319,2025-06-22T04:41:59+00:00,22757667,0xb147505a7c6512e553b8d826b8a06cac36c117fc8fb9caca815861f2338f8a19,1750567319,2025-06-22T04:41:59+00:00,0,22757668,1750567331,2279.212425,2281.35443,2282.704023,2278.826917,2278.21,0.094,0.1532,-0.044,1908,74484,1750567260,1750567259,59,ok,ok,ok,ok
crash-4,116,1750567919,2025-06-22T04:51:59+00:00,22757717,0xfce8630d5910dad799c9e473d31517395d825d5c4f8a57073639c49096cd58cd,1750567919,2025-06-22T04:51:59+00:00,0,22757718,1750567931,2279.212425,2283.356277,2282.475776,2283.845604,2282.66,0.1818,0.1432,0.1513,2508,75084,1750567860,1750567859,59,ok,ok,ok,ok
crash-4,117,1750568519,2025-06-22T05:01:59+00:00,22757767,0xb0b6ff540ad2be678d7c966f1ddcbf9f40c8e2daef564b5e049550fcca20bc8e,1750568519,2025-06-22T05:01:59+00:00,0,22757768,1750568531,2279.212425,2283.649789,2284.302396,2284.302396,2284.57,0.1947,0.2233,0.2351,3108,75684,1750568460,1750568459,59,ok,ok,ok,ok
crash-4,118,1750569119,2025-06-22T05:11:59+00:00,22757817,0xed37b07ee5b932460d089d7cc35f0610210c545724403135e7f92262d14270ff,1750569119,2025-06-22T05:11:59+00:00,0,22757818,1750569131,2290.633595,2286.889568,2290.02001,2289.104231,2288.55,-0.1634,-0.0268,-0.091,456,76284,1750569060,1750569059,59,ok,ok,ok,ok
crash-4,119,1750569719,2025-06-22T05:21:59+00:00,22757866,0x83a9d1bc35f10083914859f0ac0ccd55487d923e9f2dd3205985b8176782def2,1750569719,2025-06-22T05:21:59+00:00,0,22757867,1750569731,2290.633595,2288.350017,2291.852667,2291.394365,2290.21,-0.0997,0.0532,-0.0185,1056,76884,1750569660,1750569659,59,ok,ok,ok,ok
crash-4,120,1750570319,2025-06-22T05:31:59+00:00,22757915,0xfb7ebe75042ff87ba80d15950083d33ab2303fd5daee653369fb2d3b8d0f981c,1750570319,2025-06-22T05:31:59+00:00,0,22757916,1750570331,2290.633595,2287.120603,2288.188818,2288.646479,2288.04,-0.1534,-0.1067,-0.1132,1656,77484,1750570260,1750570259,59,ok,ok,ok,ok
crash-4,121,1750570919,2025-06-22T05:41:59+00:00,22757964,0x4ff5159bfdb8c4e8e0247d3653582e18527fd5bf0433d8026cb26bd7e277bb52,1750570907,2025-06-22T05:41:47+00:00,12,22757965,1750570931,2290.633595,2284.775011,2282.019349,2282.019349,2282.06,-0.2558,-0.3761,-0.3743,2244,78072,1750570860,1750570859,47,ok,ok,ok,ok
crash-4,122,1750571519,2025-06-22T05:51:59+00:00,22758014,0xeeea4d26ea91fef7a1e104d63ec2387cb7a3c60b9d9971b0054cb0446fa470a9,1750571519,2025-06-22T05:51:59+00:00,0,22758015,1750571531,2290.633595,2285.236223,2285.67332,2284.987755,2285.02,-0.2356,-0.2165,-0.2451,2856,78684,1750571460,1750571459,59,ok,ok,ok,ok
crash-4,123,1750572119,2025-06-22T06:01:59+00:00,22758064,0xab9a9ad420be983fd3fcecc4150cd3a1df72ad84fde74fbe1d8a12300e22f27d,1750572119,2025-06-22T06:01:59+00:00,0,22758065,1750572155,2290.633595,2289.930012,2287.960022,2292.311061,2292.48,-0.0307,-0.1167,0.0806,3456,79284,1750572060,1750572059,59,ok,ok,ok,ok
crash-4,124,1750572719,2025-06-22T06:11:59+00:00,22758112,0x6fe3a62e1cdc3e3df5ed8159acf01070e4513ec97d8443b2f931f1940bd51a5a,1750572719,2025-06-22T06:11:59+00:00,0,22758113,1750572731,2289.368505,2288.720041,2289.562074,2289.791031,2288.89,-0.0283,0.0085,-0.0209,420,79884,1750572660,1750572659,59,ok,ok,ok,ok
crash-4,125,1750573319,2025-06-22T06:21:59+00:00,22758162,0x6dd29fc9204ee0915faa9d9934738a8ebe529f3aef0db768f16fdcf7fe448716,1750573319,2025-06-22T06:21:59+00:00,0,22758163,1750573331,2289.368505,2291.807515,2294.374966,2296.44073,2297.27,0.1065,0.2187,0.3451,1020,80484,1750573260,1750573259,59,ok,ok,ok,ok
crash-4,126,1750573919,2025-06-22T06:31:59+00:00,22758212,0x62e5da028b15b6d6f333557601c7211ceb612130a7e8cee0909e245364eed0bd,1750573919,2025-06-22T06:31:59+00:00,0,22758213,1750573931,2289.368505,2290.784072,2292.540292,2292.540292,2293.06,0.0618,0.1385,0.1612,1620,81084,1750573860,1750573859,59,ok,ok,ok,ok
crash-4,127,1750574519,2025-06-22T06:41:59+00:00,22758262,0x135c720f50eccab2b60c92cb8348c54ea9c7524087abc43669c173cea57bda26,1750574519,2025-06-22T06:41:59+00:00,0,22758263,1750574531,2289.368505,2290.579174,2293.228123,2292.311061,2290.87,0.0529,0.1686,0.0656,2220,81684,1750574460,1750574459,59,ok,ok,ok,ok
crash-4,128,1750575119,2025-06-22T06:51:59+00:00,22758312,0x4aded51a95105cf905358a1b65e4c6b4ee7a59986b27707027cece125351f897,1750575119,2025-06-22T06:51:59+00:00,0,22758313,1750575131,2289.368505,2289.342288,2288.875343,2289.104231,2288.17,-0.0011,-0.0215,-0.0524,2820,82284,1750575060,1750575059,59,ok,ok,ok,ok
crash-4,129,1750575719,2025-06-22T07:01:59+00:00,22758361,0x3ad2214d9fe6fc28eec02bc992e9b76d06ccf7f0809322d1b9d828f9b666ac79,1750575719,2025-06-22T07:01:59+00:00,0,22758362,1750575731,2289.368505,2288.587359,2286.816385,2286.816385,2287.08,-0.0341,-0.1115,-0.1,3420,82884,1750575660,1750575659,59,ok,ok,ok,ok
crash-4,130,1750576319,2025-06-22T07:11:59+00:00,22758411,0x03be6836ca071ac9a72e10a4056851bd556aafa76b749f6b5be35ddd206f16be,1750576319,2025-06-22T07:11:59+00:00,0,22758412,1750576331,2288.953343,2288.129634,2286.35909,2285.901887,2285.77,-0.036,-0.1133,-0.1391,396,83484,1750576260,1750576259,59,ok,ok,ok,ok
crash-4,131,1750576919,2025-06-22T07:21:59+00:00,22758461,0xcc3b244804e35b85c92512316bcf20929ef8ff1759f695176643b2001f416d05,1750576919,2025-06-22T07:21:59+00:00,0,22758462,1750576931,2288.953343,2286.572569,2284.530826,2283.388903,2283.54,-0.104,-0.1932,-0.2365,996,84084,1750576860,1750576859,59,ok,ok,ok,ok
crash-4,132,1750577519,2025-06-22T07:31:59+00:00,22758510,0x66711498a26349397a5e3cc273f991d02e2615adad4c9a3c40262e33e080db2c,1750577519,2025-06-22T07:31:59+00:00,0,22758511,1750577531,2288.953343,2285.509105,2284.530826,2283.617242,2282.07,-0.1505,-0.1932,-0.3007,1596,84684,1750577460,1750577459,59,ok,ok,ok,ok
crash-4,133,1750578119,2025-06-22T07:41:59+00:00,22758560,0xa21c8b19dfe665c48732d102ba16e9691ad56dd57b622fbd41c8394cb45db273,1750578119,2025-06-22T07:41:59+00:00,0,22758561,1750578131,2274.901235,2279.061378,2274.956395,2272.909958,2272.83,0.1829,0.0024,-0.091,276,85284,1750578060,1750578059,59,ok,ok,ok,ok
crash-4,134,1750578719,2025-06-22T07:51:59+00:00,22758610,0x796b72840ee9a6a86082ce441f3ca65e691fbea0466788670e8d6ad9346008bb,1750578719,2025-06-22T07:51:59+00:00,0,22758611,1750578731,2274.901235,2277.675502,2272.68269,2273.364563,2274.48,0.122,-0.0975,-0.0185,876,85884,1750578660,1750578659,59,ok,ok,ok,ok
crash-4,135,1750579319,2025-06-22T08:01:59+00:00,22758660,0xd03b355d089d9486a25c077a8d3b7b9ea132a5288823d86d49d971b8f1ae51e1,1750579319,2025-06-22T08:01:59+00:00,0,22758661,1750579331,2271.807835,2277.796787,2271.773844,2272.68269,2273.4,0.2636,-0.0015,0.0701,96,96,1750579260,1750579259,59,ok,ok,ok,ok
crash-4,136,1750579919,2025-06-22T08:11:59+00:00,22758710,0x5ff62eb645c5c4a0f915d2e0e51f0a67ca9897335bd71cc817f2a928e98eb886,1750579919,2025-06-22T08:11:59+00:00,0,22758711,1750579931,2271.807835,2270.198427,2269.049486,2266.555029,2265.6,-0.0708,-0.1214,-0.2733,696,696,1750579860,1750579859,59,ok,ok,ok,ok
crash-4,137,1750580519,2025-06-22T08:21:59+00:00,22758758,0x318ba7d3eb0a0601720a690075e72364e4a4f0da00e2ecc6bd8fbccfbcc928f3,1750580519,2025-06-22T08:21:59+00:00,0,22758759,1750580531,2271.807835,2275.506184,2273.591899,2274.728923,2275.28,0.1628,0.0785,0.1528,1296,1296,1750580460,1750580459,59,ok,ok,ok,ok
crash-4,138,1750581119,2025-06-22T08:31:59+00:00,22758808,0xff113f2157a941de207eafae4e98c42a7df7a10a371a9904ec89e2c37220b57f,1750581119,2025-06-22T08:31:59+00:00,0,22758809,1750581131,2271.807835,2275.027483,2272.455444,2273.364563,2274.31,0.1417,0.0285,0.1101,1896,1896,1750581060,1750581059,59,ok,ok,ok,ok
crash-4,139,1750581719,2025-06-22T08:41:59+00:00,22758857,0xa9ebc28543e85a6698f0c34d8320ccb329614387aaae713deb2cea675549ec89,1750581719,2025-06-22T08:41:59+00:00,0,22758858,1750581731,2271.807835,2275.1654,2272.68269,2272.228221,2271.94,0.1478,0.0385,0.0058,2496,2496,1750581660,1750581659,59,ok,ok,ok,ok
crash-4,140,1750582319,2025-06-22T08:51:59+00:00,22758907,0x34eee538c9be6a15731ebc92e3378381e592445c3206f66a76a44c31c7bdadb6,1750582319,2025-06-22T08:51:59+00:00,0,22758908,1750582331,2271.807835,2275.157998,2272.68269,2272.228221,2271.5,0.1475,0.0385,-0.0136,3096,3096,1750582260,1750582259,59,ok,ok,ok,ok
crash-4,141,1750582919,2025-06-22T09:01:59+00:00,22758957,0x41512f912bc3d4543970254da21fe01aa7f83c3721e239b2105865fd4a624895,1750582919,2025-06-22T09:01:59+00:00,0,22758958,1750582931,2276.880206,2279.0973,2274.956395,2279.282705,2280.63,0.0974,-0.0845,0.1647,84,3696,1750582860,1750582859,59,ok,ok,ok,ok
crash-4,142,1750583519,2025-06-22T09:11:59+00:00,22759007,0xd14ffd1c10320b1ba393170a599bc428280e75fb41c7a771ed2b59a1c606ac78,1750583519,2025-06-22T09:11:59+00:00,0,22759008,1750583531,2276.880206,2276.215096,2272.909958,2271.773844,2273.16,-0.0292,-0.1744,-0.1634,684,4296,1750583460,1750583459,59,ok,ok,ok,ok
crash-4,143,1750584119,2025-06-22T09:21:59+00:00,22759057,0xe62800399b4c713e91f73563f2e3646b8b4a13633c75e4fac9f711ae4134e988,1750584119,2025-06-22T09:21:59+00:00,0,22759058,1750584131,2276.880206,2275.944716,2272.68269,2271.319557,2271.24,-0.0411,-0.1844,-0.2477,1284,4896,1750584060,1750584059,59,ok,ok,ok,ok
crash-4,144,1750584719,2025-06-22T09:31:59+00:00,22759107,0x86ed0c3de6089307e06cc5762e89db61bf79009607e95a34828af9df11fc8302,1750584719,2025-06-22T09:31:59+00:00,0,22759108,1750584731,2260.588416,2266.475647,2257.958893,2258.862212,2258.22,0.2604,-0.1163,-0.1048,528,5496,1750584660,1750584659,59,ok,ok,ok,ok
crash-5,0,1760088059,2025-10-10T09:20:59+00:00,23546400,0x1a9c3a1813cbff61aaffcfc98acca82ed7950bfd236c987a5b75f2aa356d6947,1760088059,2025-10-10T09:20:59+00:00,0,23546401,1760088071,4348.226436,4340.019382,4339.801426,4336.331146,4335.54,-0.1887,-0.1938,-0.2918,1380,4836,1760088000,1760087999,59,ok,ok,ok,ok
crash-5,1,1760088659,2025-10-10T09:30:59+00:00,23546449,0xe1398315c6d2111f6f7d7f8121b8136ffe7faa4f14744f1f7080bae7b70a4d2c,1760088659,2025-10-10T09:30:59+00:00,0,23546450,1760088671,4348.226436,4345.649969,4348.054474,4350.228936,4350.07,-0.0593,-0.004,0.0424,1980,5436,1760088600,1760088599,59,ok,ok,ok,ok
crash-5,2,1760089259,2025-10-10T09:40:59+00:00,23546499,0xf88600def679b4dc88f1dd10628b8e47f31bf468945a641ce7089eb2cfa9bc45,1760089259,2025-10-10T09:40:59+00:00,0,23546500,1760089271,4348.226436,4344.832095,4350.228936,4349.793956,4347.53,-0.0781,0.0461,-0.016,2580,6036,1760089200,1760089199,59,ok,ok,ok,ok
crash-5,3,1760089859,2025-10-10T09:50:59+00:00,23546549,0x0d1488ddce3e4c67a075a12b35becdb388890e9116cdf58cb1fdefd0199adffd,1760089859,2025-10-10T09:50:59+00:00,0,23546550,1760089871,4323.841627,4338.469373,4339.367489,4328.100351,4330.56,0.3383,0.3591,0.1554,0,6636,1760089800,1760089799,59,ok,ok,ok,ok
crash-5,4,1760090459,2025-10-10T10:00:59+00:00,23546599,0x7afb6aa69a6d2e60b235d242c1459b8731212712aa9758ef74b2f7569691c383,1760090459,2025-10-10T10:00:59+00:00,0,23546600,1760090471,4323.841627,4335.518821,4325.936949,4325.071892,4324.16,0.2701,0.0485,0.0074,600,7236,1760090400,1760090399,59,ok,ok,ok,ok
crash-5,5,1760091059,2025-10-10T10:10:59+00:00,23546648,0xb8a041fc473513b79890d7b662a68a49ae79d0d0416ee16dd717046bf8d8a4f0,1760091059,2025-10-10T10:10:59+00:00,0,23546649,1760091071,4323.841627,4337.148728,4328.533161,4328.533161,4331.14,0.3078,0.1085,0.1688,1200,7836,1760091000,1760090999,59,ok,ok,ok,ok
crash-5,6,1760091659,2025-10-10T10:20:59+00:00,23546698,0x50f8d41a4506b5530d8c72c2149fe88b7fa2f5293315df738790f51b9e4b198d,1760091659,2025-10-10T10:20:59+00:00,0,23546699,1760091671,4323.841627,4338.837929,4331.997199,4335.030507,4334.9,0.3468,0.1886,0.2558,1800,8436,1760091600,1760091599,59,ok,ok,ok,ok
crash-5,7,1760092259,2025-10-10T10:30:59+00:00,23546748,0xc0bfd93f4f45b9000fa6884d89324bc8097d551975b710f1f059853a92900201,1760092259,2025-10-10T10:30:59+00:00,0,23546749,1760092271,4323.841627,4336.449055,4328.966014,4328.100351,4327.04,0.2916,0.1185,0.074,2400,9036,1760092200,1760092199,59,ok,ok,ok,ok
crash-5,8,1760092859,2025-10-10T10:40:59+00:00,23546798,0x089592b68289670f63bf3ca26e0bc03338dff376ec648c127c0c93e1d585587f,1760092859,2025-10-10T10:40:59+00:00,0,23546799,1760092871,4323.841627,4336.959,4328.100351,4327.667584,4328.28,0.3034,0.0985,0.1026,3000,9636,1760092800,1760092799,59,ok,ok,ok,ok
crash-5,9,1760093459,2025-10-10T10:50:59+00:00,23546848,0xa78cb3dba9f03ed057a8e920fb21f60b814b45546b509c9748a2a401e47dd532,1760093459,2025-10-10T10:50:59+00:00,0,23546849,1760093471,4346.736507,4342.4637,4336.331146,4344.143181,4342.99,-0.0983,-0.2394,-0.0862,24,10236,1760093400,1760093399,59,ok,ok,ok,ok
crash-5,10,1760094059,2025-10-10T11:00:59+00:00,23546898,0xcf153ba4edb2613edbae709c58349c4fb9344c84d5e0f7f179d1ffbf1587ecbc,1760094059,2025-10-10T11:00:59+00:00,0,23546899,1760094071,4346.736507,4342.47671,4344.143181,4345.446554,4344.81,-0.098,-0.0597,-0.0443,624,10836,1760094000,1760093999,59,ok,ok,ok,ok
crash-5,11,1760094659,2025-10-10T11:10:59+00:00,23546947,0x03b7280bae2643419f1523133ec6fd131b513cab790174e47106043b4c306e89,1760094659,2025-10-10T11:10:59+00:00,0,23546948,1760094671,4346.736507,4342.947009,4346.315687,4344.577595,4347.2,-0.0872,-0.0097,0.0107,1224,11436,1760094600,1760094599,59,ok,ok,ok,ok
crash-5,12,1760095259,2025-10-10T11:20:59+00:00,23546997,0xa16b9a9f5e23dd5334d157831ef65821de30870c99bdac0fd51ebaaa228244db,1760095259,2025-10-10T11:20:59+00:00,0,23546998,1760095271,4346.736507,4339.779113,4339.367489,4338.499746,4338.16,-0.1601,-0.1695,-0.1973,1824,12036,1760095200,1760095199,59,ok,ok,ok,ok
crash-5,13,1760095859,2025-10-10T11:30:59+00:00,23547047,0x05ae6094434876fcd033de1f31ab35b1318d425ae4813074f4462d9671b6eff2,1760095859,2025-10-10T11:30:59+00:00,0,23547048,1760095871,4346.736507,4339.506119,4334.163631,4335.897557,4337.16,-0.1663,-0.2892,-0.2203,2424,12636,1760095800,1760095799,59,ok,ok,ok,ok
crash-5,14,1760096459,2025-10-10T11:40:59+00:00,23547097,0xb2167325142b7ddb7015023bfa6f27a93a344a3f9f1809f759e0ee97840efec3,1760096459,2025-10-10T11:40:59+00:00,0,23547098,1760096471,4346.736507,4340.708997,4340.235406,4340.235406,4340.16,-0.1387,-0.1496,-0.1513,3024,13236,1760096400,1760096399,59,ok,ok,ok,ok
crash-5,15,1760097059,2025-10-10T11:50:59+00:00,23547147,0xaefd28c604fc353005217520c5de126b64fedc495cf99f50a83dfa85f4b75064,1760097059,2025-10-10T11:50:59+00:00,0,23547148,1760097071,4342.121291,4340.783343,4340.235406,4340.66943,4342.18,-0.0308,-0.0434,0.0014,0,13836,1760097000,1760096999,59,ok,ok,ok,ok
crash-5,16,1760097659,2025-10-10T12:00:59+00:00,23547197,0x311f2cb5f5910a2e3ac8ee956a6288a48c33107fc62ee75f77c8e8a986713905,1760097659,2025-10-10T12:00:59+00:00,0,23547198,1760097671,4342.121291,4343.345617,4348.054474,4347.619712,4345.14,0.0282,0.1366,0.0695,600,14436,1760097600,1760097599,59,ok,ok,ok,ok
crash-5,17,1760098259,2025-10-10T12:10:59+00:00,23547246,0x6ee8a22ba6db5df2be02ccf5f92f00134f650676176b9cb1408a1a2372253155,1760098259,2025-10-10T12:10:59+00:00,0,23547247,1760098271,4342.121291,4344.615272,4348.924128,4348.924128,4348.32,0.0574,0.1567,0.1428,1200,15036,1760098200,1760098199,59,ok,ok,ok,ok
crash-5,18,1760098859,2025-10-10T12:20:59+00:00,23547296,0x2f6429014c99145491de59c1e5048713165e818a9991a496c61154c09bde6bc1,1760098859,2025-10-10T12:20:59+00:00,0,23547297,1760098871,4342.121291,4343.142461,4339.801426,4341.971761,4343.33,0.0235,-0.0534,0.0278,1800,15636,1760098800,1760098799,59,ok,ok,ok,ok
crash-5,19,1760099459,2025-10-10T12:30:59+00:00,23547346,0xa52ea8f3c6381e710ab3b007da3a323a12a368a4d12c11a665ed3a1370b6879e,1760099459,2025-10-10T12:30:59+00:00,0,23547347,1760099471,4342.121291,4344.59467,4347.184993,4347.619712,4347.25,0.057,0.1166,0.1181,2400,16236,1760099400,1760099399,59,ok,ok,ok,ok
crash-5,20,1760100059,2025-10-10T12:40:59+00:00,23547396,0x3d4d728c989f347815927cd6fd5b9481fe5eeb8db71c6a1e74dc3b95cf10ae63,1760100059,2025-10-10T12:40:59+00:00,0,23547397,1760100071,4342.121291,4343.795953,4346.315687,4345.012053,4344.9,0.0386,0.0966,0.064,3000,16836,1760100000,1760099999,59,ok,ok,ok,ok
crash-5,21,1760100659,2025-10-10T12:50:59+00:00,23547446,0x336a26dcd7c0ccb73843ba473230d43aaf1008bca6f5c517d053f9f798c2ad05,1760100659,2025-10-10T12:50:59+00:00,0,23547447,1760100671,4344.619756,4344.210321,4342.840198,4341.971761,4343.39,-0.0094,-0.041,-0.0283,0,17436,1760100600,1760100599,59,ok,ok,ok,ok
crash-5,22,1760101259,2025-10-10T13:00:59+00:00,23547495,0xabcec1d5851ad1147af985303b74abc26089d7bf85566e54b39d6abc762eda53,1760101259,2025-10-10T13:00:59+00:00,0,23547496,1760101271,4344.619756,4347.035302,4349.359021,4351.969288,4350.81,0.0556,0.1091,0.1425,600,18036,1760101200,1760101199,59,ok,ok,ok,ok
crash-5,23,1760101859,2025-10-10T13:10:59+00:00,23547545,0x87a2e2cbf39f142122afa4b557cae74983c4fda6938bc4e8cb52e7a201f8773e,1760101859,2025-10-10T13:10:59+00:00,0,23547546,1760101871,4344.619756,4351.924228,4358.937664,4356.323217,4356.74,0.1681,0.3296,0.279,1200,18636,1760101800,1760101799,59,ok,ok,ok,ok
crash-5,24,1760102459,2025-10-10T13:20:59+00:00,23547595,0x6f2043fc4434f63bca51a798415308b18d04b2bb5139ddad8c907d2e6327b67e,1760102459,2025-10-10T13:20:59+00:00,0,23547596,1760102471,4368.011439,4357.891589,4358.937664,4367.227104,4367.2,-0.2317,-0.2077,-0.0186,24,19236,1760102400,1760102399,59,ok,ok,ok,ok
crash-5,25,1760103059,2025-10-10T13:30:59+00:00,23547645,0xd807de1d2ed1e40811c9036c1b08870f477ac6217670278256ebb855e3f7ed5c,1760103059,2025-10-10T13:30:59+00:00,0,23547646,1760103071,4368.011439,4357.514367,4366.353789,4365.044145,4367.36,-0.2403,-0.0379,-0.0149,624,19836,1760103000,1760102999,59,ok,ok,ok,ok
crash-5,26,1760103659,2025-10-10T13:40:59+00:00,23547695,0x67160af6ef20fa461fc2a78a79184bd447dc7e9432439e691e08bbbe3f386585,1760103659,2025-10-10T13:40:59+00:00,0,23547696,1760103671,4392.259021,4371.853632,4381.223914,4387.800352,4388.16,-0.4646,-0.2512,-0.0933,48,20436,1760103600,1760103599,59,ok,ok,ok,ok
crash-5,27,1760104259,2025-10-10T13:50:59+00:00,23547745,0x1467d76052ebba231fc1ba726cc211a75e5b40470b289156da9a06de10eb29d5,1760104259,2025-10-10T13:50:59+00:00,0,23547746,1760104271,4369.618666,4362.810461,4372.033456,4362.862278,4363.72,-0.1558,0.0553,-0.135,84,21036,1760104200,1760104199,59,ok,ok,ok,ok
crash-5,28,1760104859,2025-10-10T14:00:59+00:00,23547795,0xb39b5efeadb331d82b6753c9f0283a0ea8d93e454ff3ae9795097c1fe1e04f18,1760104859,2025-10-10T14:00:59+00:00,0,23547796,1760104871,4369.618666,4357.977332,4355.887628,4361.117569,4358.01,-0.2664,-0.3142,-0.2657,684,21636,1760104800,1760104799,59,ok,ok,ok,ok
crash-5,29,1760105459,2025-10-10T14:10:59+00:00,23547845,0x429eb8c5648384104c4348c3bcafd244ae14b3c18e08571b4058558cbb7f7bd5,1760105459,2025-10-10T14:10:59+00:00,0,23547846,1760105471,4369.618666,4358.535542,4370.28508,4367.227104,4367.58,-0.2536,0.0153,-0.0467,1284,22236,1760105400,1760105399,59,ok,ok,ok,ok
crash-5,30,1760106059,2025-10-10T14:20:59+00:00,23547892,0x97a86b34aec712cea64d18b079b9f4efe20764f24994423bed99a733e4d8ded8,1760106059,2025-10-10T14:20:59+00:00,0,23547893,1760106071,4347.626697,4341.454036,4340.235406,4335.897557,4334.73,-0.142,-0.17,-0.2966,252,22836,1760106000,1760105999,59,ok,ok,ok,ok
crash-5,31,1760106659,2025-10-10T14:30:59+00:00,23547940,0x29018a69d3a48b53e40ba58934970fb07616908d7b630cfa36cbb8dd10733ef6,1760106659,2025-10-10T14:30:59+00:00,0,23547941,1760106671,4325.668111,4337.94066,4330.264834,4327.667584,4328.76,0.2837,0.1063,0.0715,384,23436,1760106600,1760106599,59,ok,ok,ok,ok
crash-5,32,1760107259,2025-10-10T14:40:59+00:00,23547989,0x2e457d395675148ba26ddcfdc05aaeb47b9de24ec366d7086cdd0575c5b43236,1760107259,2025-10-10T14:40:59+00:00,0,23547990,1760107271,4325.668111,4340.107888,4337.632176,4337.632176,4337.23,0.3338,0.2766,0.2673,984,24036,1760107200,1760107199,59,ok,ok,ok,ok
crash-5,33,1760107859,2025-10-10T14:50:59+00:00,23548039,0x5fc600c110813b0d1d80f2a24295776d3a103cf091d7f60076d3dc1d60d768d8,1760107859,2025-10-10T14:50:59+00:00,0,23548040,1760107871,4325.668111,4338.573982,4329.83185,4331.997199,4332.96,0.2984,0.0963,0.1686,1584,24636,1760107800,1760107799,59,ok,ok,ok,ok
crash-5,34,1760108459,2025-10-10T15:00:59+00:00,23548088,0xec717291369f6053e4782ac3f5c2a05c8944507d93a9a09403073d91deddbbf1,1760108459,2025-10-10T15:00:59+00:00,0,23548089,1760108471,4290.630484,4305.217669,4306.514937,4283.323588,4282.11,0.34,0.3702,-0.1986,84,25236,1760108400,1760108399,59,ok,ok,ok,ok
crash-5,35,1760109059,2025-10-10T15:10:59+00:00,23548138,0x0f806ca2076eecc3ac4cac228695c2eb0de9cdb61aea1162044626d64afb06b6,1760109059,2025-10-10T15:10:59+00:00,0,23548139,1760109083,4267.29313,4291.262454,4266.651991,4267.505364,4261.39,0.5617,-0.015,-0.1383,564,25836,1760109000,1760108999,59,ok,ok,ok,ok
crash-5,36,1760109659,2025-10-10T15:20:59+00:00,23548187,0xa6edfa3c4e530f2724dd7c38a22553f3634c3e50a7fedcdabf7ca93947048473,1760109659,2025-10-10T15:20:59+00:00,0,23548188,1760109671,4243.170051,4267.026523,4241.55411,4224.200206,4229.0,0.5622,-0.0381,-0.3339,168,26436,1760109600,1760109599,59,ok,ok,ok,ok
crash-5,37,1760110259,2025-10-10T15:30:59+00:00,23548237,0xdac6f71d57177a53842a7cbe9e35e9f25e0250f1efa1b1fa90b6478a844b6474,1760110259,2025-10-10T15:30:59+00:00,0,23548238,1760110271,4165.639944,4183.861979,4173.815237,4148.433726,4163.27,0.4374,0.1963,-0.0569,48,27036,1760110200,1760110199,59,ok,ok,ok,ok
crash-5,38,1760110859,2025-10-10T15:40:59+00:00,23548287,0x166c9297c57945397ab42d2fc8049f0fc84b376f71d54f375400b1e16197a65d,1760110859,2025-10-10T15:40:59+00:00,0,23548288,1760110871,4124.615456,4158.695329,4112.089475,4107.56889,4111.99,0.8263,-0.3037,-0.3061,144,27636,1760110800,1760110799,59,ok,ok,ok,ok
crash-5,39,1760111459,2025-10-10T15:50:59+00:00,23548337,0xa99c827aff9ba74c7b514b8e3f9a99697e5f7cc3e2e3c15cbda9cb91fcc8bced,1760111459,2025-10-10T15:50:59+00:00,0,23548338,1760111471,4122.476569,4160.143466,4122.382045,4117.850144,4121.48,0.9137,-0.0023,-0.0242,444,28236,1760111400,1760111399,59,ok,ok,ok,ok
crash-5,40,1760112059,2025-10-10T16:00:59+00:00,23548386,0x543446928e70cbea7dec1547b1f5cc07765abc7aa6511032b6278700ccd82601,1760112059,2025-10-10T16:00:59+00:00,0,23548387,1760112071,4100.881303,4116.727493,4103.463579,4101.822604,4105.3,0.3864,0.063,0.1077,264,28836,1760112000,1760111999,59,ok,ok,ok,ok
crash-5,41,1760112659,2025-10-10T16:10:59+00:00,23548436,0x53d405a96656bf7eeed801823b3a14a19f1b9d4e51d5ff882eb8fd193eeb8544,1760112659,2025-10-10T16:10:59+00:00,0,23548437,1760112671,4123.445143,4130.689227,4124.031245,4123.206562,4127.3,0.1757,0.0142,0.0935,228,29436,1760112600,1760112599,59,ok,ok,ok,ok
crash-5,42,1760113259,2025-10-10T16:20:59+00:00,23548486,0x4f06fe9259fa27d4311b62d483b49589297d6a3e64546f14539ed0a7ebaeb1e8,1760113259,2025-10-10T16:20:59+00:00,0,23548487,1760113271,4101.616811,4124.32988,4107.979647,4109.212164,4106.54,0.5538,0.1551,0.12,144,30036,1760113200,1760113199,59,ok,ok,ok,ok
crash-5,43,1760113859,2025-10-10T16:30:59+00:00,23548536,0xc6b29509330e63b9377074ec0afde4832458abc6284111839dca91bf16392286,1760113859,2025-10-10T16:30:59+00:00,0,23548537,1760113871,4125.999497,4128.282065,4125.268578,4121.969848,4119.43,0.0553,-0.0177,-0.1592,408,30636,1760113800,1760113799,59,ok,ok,ok,ok
crash-5,44,1760114459,2025-10-10T16:40:59+00:00,23548586,0x931639dd0ab49682613aa6d6c4b860236bf54c5ef519ddc7217f38dc7087ff39,1760114459,2025-10-10T16:40:59+00:00,0,23548587,1760114471,4125.999497,4138.590451,4136.834937,4133.940311,4136.0,0.3052,0.2626,0.2424,1008,31236,1760114400,1760114399,59,ok,ok,ok,ok
crash-5,45,1760115059,2025-10-10T16:50:59+00:00,23548636,0x35da2ec84d6134de0346ea21e3ede0d045b4910008a9df5aa479aa42d714fa73,1760115059,2025-10-10T16:50:59+00:00,0,23548637,1760115071,4104.862703,4124.965033,4112.500684,4107.979647,4106.83,0.4897,0.1861,0.0479,24,31836,1760115000,1760114999,59,ok,ok,ok,ok
crash-5,46,1760115659,2025-10-10T17:00:59+00:00,23548683,0xbb8750a218c6ab19bb4c1b86f68fdb7aa4359c41564f980354a0aaadff2dd058,1760115647,2025-10-10T17:00:47+00:00,12,23548684,1760115671,4104.862703,4125.047072,4113.323225,4111.678307,4110.42,0.4917,0.2061,0.1354,612,32424,1760115600,1760115599,47,ok,ok,ok,ok
crash-5,47,1760116259,2025-10-10T17:10:59+00:00,23548732,0x7b0811464873056df93de8056d245f97d3775adaa5e0f7e5011e606305028ac1,1760116259,2025-10-10T17:10:59+00:00,0,23548733,1760116271,4104.862703,4121.501014,4105.515721,4104.284313,4104.32,0.4053,0.0159,-0.0132,1224,33036,1760116200,1760116199,59,ok,ok,ok,ok
crash-5,48,1760116859,2025-10-10T17:20:59+00:00,23548781,0x135fb17c71ed8d263c49f268f5b1f0ef2cd6b636bf67dafd6c99946182a3fa73,1760116859,2025-10-10T17:20:59+00:00,0,23548782,1760116871,4104.862703,4113.464613,4106.336865,4101.002362,4105.23,0.2096,0.0359,0.0089,1824,33636,1760116800,1760116799,59,ok,ok,ok,ok
crash-5,49,1760117459,2025-10-10T17:30:59+00:00,23548831,0x59070abb9e1d2610a15aca80e7b5f37427cf2b6fb3ce24048f5a18aa735c334c,1760117459,2025-10-10T17:30:59+00:00,0,23548832,1760117471,4104.862703,4117.152622,4105.105211,4105.105211,4107.19,0.2994,0.0059,0.0567,2424,34236,1760117400,1760117399,59,ok,ok,ok,ok
crash-5,50,1760118059,2025-10-10T17:40:59+00:00,23548880,0x4d610e1bfa13fb662a68641c84599e279f42a7150941517d30f7d90ea347bb7d,1760118059,2025-10-10T17:40:59+00:00,0,23548881,1760118071,4104.862703,4112.883006,4101.002362,4096.493965,4097.74,0.1954,-0.094,-0.1735,3024,34836,1760118000,1760117999,59,ok,ok,ok,ok
crash-5,51,1760118659,2025-10-10T17:50:59+00:00,23548930,0x1e15b5d9429e85152e538e555821f11653a80ad32db9470f3110b61ad67e67a0,1760118659,2025-10-10T17:50:59+00:00,0,23548931,1760118671,4095.913044,4114.387253,4096.493965,4098.952476,4101.61,0.451,0.0142,0.1391,12,35436,1760118600,1760118599,59,ok,ok,ok,ok
crash-5,52,1760119259,2025-10-10T18:00:59+00:00,23548979,0x6afa5219a145f887ffc73cd6e1e64383e0e88a5554a6b19e18ececacf0399271,1760119259,2025-10-10T18:00:59+00:00,0,23548980,1760119271,4095.913044,4111.647355,4094.446333,4093.218244,4095.7,0.3841,-0.0358,-0.0052,612,36036,1760119200,1760119199,59,ok,ok,ok,ok
crash-5,53,1760119859,2025-10-10T18:10:59+00:00,23549029,0xaa5582cb9f9f0699c6d1bc340a3ee61ad39dd7d7fdd508e8d0cfee5ffe324600,1760119859,2025-10-10T18:10:59+00:00,0,23549030,1760119871,4095.913044,4108.926126,4091.990524,4087.492034,4088.6,0.3177,-0.0958,-0.1785,1212,36636,1760119800,1760119799,59,ok,ok,ok,ok
crash-5,54,1760120459,2025-10-10T18:20:59+00:00,23549079,0x4b28921209cb7572904dce855b94b929e59e0987fb6a256f38b4c3f9dd38f33e,1760120459,2025-10-10T18:20:59+00:00,0,23549080,1760120471,4095.913044,4106.800384,4087.900784,4085.448901,4083.4,0.2658,-0.1956,-0.3055,1812,37236,1760120400,1760120399,59,ok,ok,ok,ok
crash-5,55,1760121059,2025-10-10T18:30:59+00:00,23549129,0xc995a4d8fe1c95930f9ec0511d0180e0e2c931a61e65fca5507992c9a5b60b43,1760121059,2025-10-10T18:30:59+00:00,0,23549130,1760121071,4095.913044,4109.41921,4095.265263,4088.309574,4089.48,0.3297,-0.0158,-0.1571,2412,37836,1760121000,1760120999,59,ok,ok,ok,ok
crash-5,56,1760121659,2025-10-10T18:40:59+00:00,23549178,0x3028b9ff7bb60b095f3fad4767bb21c40410b5074345f143c8996ab18d638cd4,1760121659,2025-10-10T18:40:59+00:00,0,23549179,1760121671,4069.977516,4098.873338,4081.365699,4073.211532,4079.03,0.71,0.2798,0.2224,12,38436,1760121600,1760121599,59,ok,ok,ok,ok
crash-5,57,1760122259,2025-10-10T18:50:59+00:00,23549227,0x9785dbc4dea56ee74b778c2142ef6d5178e8d5d2c178e89414331d427c2adfdc,1760122259,2025-10-10T18:50:59+00:00,0,23549228,1760122271,4069.977516,4091.867087,4071.989813,4067.106599,4068.63,0.5378,0.0494,-0.0331,612,39036,1760122200,1760122199,59,ok,ok,ok,ok
crash-5,58,1760122859,2025-10-10T19:00:59+00:00,23549276,0x325d8ef5db86de6d7041a6dafbc38f383aed7828cede224f12cc0f17590d8f7c,1760122859,2025-10-10T19:00:59+00:00,0,23549277,1760122871,4069.977516,4088.185431,4063.041729,4058.575063,4054.98,0.4474,-0.1704,-0.3685,1212,39636,1760122800,1760122799,59,ok,ok,ok,ok
crash-5,59,1760123459,2025-10-10T19:10:59+00:00,23549326,0x241467356c086af2a414962bd9dd02cbcc953f9af50a702fdeecc9da686e3460,1760123459,2025-10-10T19:10:59+00:00,0,23549327,1760123471,4048.760293,4048.734176,4044.800028,4032.281188,4034.77,-0.0006,-0.0978,-0.3455,252,40236,1760123400,1760123399,59,ok,ok,ok,ok
crash-5,60,1760124059,2025-10-10T19:20:59+00:00,23549376,0x87398301dfc0fe122e3da22eade140c2f647237f8845122d01760db9dee83bdd,1760124059,2025-10-10T19:20:59+00:00,0,23549377,1760124071,4026.50825,4040.808531,4027.04289,4022.615799,4029.81,0.3552,0.0133,0.082,492,40836,1760124000,1760123999,59,ok,ok,ok,ok
crash-5,61,1760124659,2025-10-10T19:30:59+00:00,23549426,0x46ea181cf5fbbd3e3cc4b6bb8920e629441791167bb73d01a75bb6c486a70395,1760124659,2025-10-10T19:30:59+00:00,0,23549427,1760124671,3965.545256,4006.717509,4001.753529,3974.635268,3952.24,1.0382,0.9131,-0.3355,48,41436,1760124600,1760124599,59,ok,ok,ok,ok
crash-5,62,1760125259,2025-10-10T19:40:59+00:00,23549476,0xafcecedaa64159d5c0188a4458db37640fe9819016f46840a06b6ae9b577af0b,1760125259,2025-10-10T19:40:59+00:00,0,23549477,1760125271,3983.678639,3994.556413,3988.570166,3991.762139,3990.58,0.2731,0.1228,0.1732,288,42036,1760125200,1760125199,59,ok,ok,ok,ok
crash-5,63,1760125859,2025-10-10T19:50:59+00:00,23549525,0x313063dd2eb27206da7724705668ef7bdc5eefc479281409bc30f427b644c509,1760125859,2025-10-10T19:50:59+00:00,0,23549526,1760125871,4031.129235,4026.067125,4028.653949,4031.071745,4037.75,-0.1256,-0.0614,0.1642,312,42636,1760125800,1760125799,59,ok,ok,ok,ok
crash-5,64,1760126459,2025-10-10T20:00:59+00:00,23549574,0x1675630787f428ff2f8ad15c0fd80cef75ccc7a7ed45a29832b036c5b95a6dd7,1760126459,2025-10-10T20:00:59+00:00,0,23549575,1760126471,4010.343989,4011.993542,4004.956053,3998.953422,3998.13,0.0411,-0.1344,-0.3046,372,43236,1760126400,1760126399,59,ok,ok,ok,ok
crash-5,65,1760127059,2025-10-10T20:10:59+00:00,23549624,0x440d1aa83e5f880f852a433771889e50479c35dc8dcf3a6b9143468416586c63,1760127059,2025-10-10T20:10:59+00:00,0,23549625,1760127071,4010.343989,4012.257827,4010.967694,4003.754806,4001.93,0.0477,0.0156,-0.2098,972,43836,1760127000,1760126999,59,ok,ok,ok,ok
crash-5,66,1760127659,2025-10-10T20:20:59+00:00,23549674,0xb315ebd9041130d5efe1e832a5e17265f522760463269415692bcbdf472e1d00,1760127659,2025-10-10T20:20:59+00:00,0,23549675,1760127671,4010.343989,4010.573012,4005.757084,4002.55392,4003.09,0.0057,-0.1144,-0.1809,1572,44436,1760127600,1760127599,59,ok,ok,ok,ok
crash-5,67,1760128259,2025-10-10T20:30:59+00:00,23549724,0x7006cc6248258850b51c9b41304251976263810e2c2dfc9d89f0f02a377a54c2,1760128259,2025-10-10T20:30:59+00:00,0,23549725,1760128271,4010.343989,4017.890687,4021.811397,4023.420363,4025.22,0.1882,0.2859,0.3709,2172,45036,1760128200,1760128199,59,ok,ok,ok,ok
crash-5,68,1760128859,2025-10-10T20:40:59+00:00,23549774,0x2c7144fdca7e099992d6c486b6458739f7ef4b8f1b60643dac011815cb963466,1760128859,2025-10-10T20:40:59+00:00,0,23549775,1760128871,4010.343989,4016.598361,4014.980467,4016.185082,4012.97,0.156,0.1156,0.0655,2772,45636,1760128800,1760128799,59,ok,ok,ok,ok
crash-5,69,1760129459,2025-10-10T20:50:59+00:00,23549824,0xaf23b0e2d9eaa4970d719b7c2f4f0db31aa0f5a66d289a02fe2456682ee21ae0,1760129459,2025-10-10T20:50:59+00:00,0,23549825,1760129471,3989.456753,3998.443296,4009.764644,3991.762139,4014.41,0.2253,0.509,0.6255,12,46236,1760129400,1760129399,59,ok,ok,ok,ok
crash-5,70,1760130059,2025-10-10T21:00:59+00:00,23549874,0x4d397d2f0ae0d0d8811947e4228cc40b3f27363bde797caef1814f8d3488bfbf,1760130059,2025-10-10T21:00:59+00:00,0,23549875,1760130071,3880.107045,3888.633529,3897.49472,3882.32485,3871.84,0.2197,0.4481,-0.2131,60,46836,1760130000,1760129999,59,ok,ok,ok,ok
crash-5,71,1760130659,2025-10-10T21:10:59+00:00,23549923,0x2b2aeb0812fad9808eea279c2484b2736090446b111284698386b16adc31bba9,1760130659,2025-10-10T21:10:59+00:00,0,23549924,1760130671,3900.35136,3902.254542,3901.393969,3895.936112,3899.89,0.0488,0.0267,-0.0118,516,47436,1760130600,1760130599,59,ok,ok,ok,ok
crash-5,72,1760131259,2025-10-10T21:20:59+00:00,23549973,0xef5fc73a4507dff612a4071526bf6bc0b4751bf575ead8078b61652686155304,1760131259,2025-10-10T21:20:59+00:00,0,23549974,1760131271,3465.135194,3501.840393,3543.584293,3397.163561,3506.49,1.0593,2.264,1.1935,12,48036,1760131200,1760131199,59,ok,ok,ok,ok
crash-5,73,1760131859,2025-10-10T21:30:59+00:00,23550023,0xa5343136e12d95a9e91e14778f7ef77a0c6b2e4531d84e8a2ef29dcc6ecaa791,1760131859,2025-10-10T21:30:59+00:00,0,23550024,1760131871,3571.890656,3456.623443,3362.354094,3355.636441,3588.2,-3.2271,-5.8663,0.4566,180,48636,1760131800,1760131799,59,ok,ok,ok,ok
crash-5,74,1760132459,2025-10-10T21:40:59+00:00,23550072,0x21c6607b847cba04e30294b176704c785498f59585a798fb6d9ac5ee00ab5792,1760132459,2025-10-10T21:40:59+00:00,0,23550073,1760132471,3706.320145,3546.600142,3460.938887,3503.068511,3704.69,-4.3094,-6.6206,-0.044,132,228,1760132400,1760132399,59,ok,ok,ok,ok
crash-5,75,1760133059,2025-10-10T21:50:59+00:00,23550122,0x3969ed5794b2cbc55b504e565f7bca47a23ebf07379f2e83851817d7550512b5,1760133059,2025-10-10T21:50:59+00:00,0,23550123,1760133071,3845.373809,3676.525991,3632.196247,3674.205494,3845.71,-4.3909,-5.5437,0.0087,12,516,1760133000,1760132999,59,ok,ok,ok,ok
crash-5,76,1760133659,2025-10-10T22:00:59+00:00,23550172,0xcbde5d6b2c1fcfdfed30328874d1fcd62481c644c0bc97269384c3d2c7dcd5c5,1760133659,2025-10-10T22:00:59+00:00,0,23550173,1760133671,3962.373717,3777.291555,3835.250577,3862.576382,3968.09,-4.671,-3.2083,0.1443,216,1116,1760133600,1760133599,59,ok,ok,ok,ok
crash-5,77,1760134259,2025-10-10T22:10:59+00:00,23550222,0xdace58094ae3c36e6f8cceacfadc62d667b5bb7994e6e3d3f97cf24426094b26,1760134259,2025-10-10T22:10:59+00:00,0,23550223,1760134271,3909.381828,3809.876683,3891.264026,3893.988728,3907.42,-2.5453,-0.4634,-0.0502,36,1716,1760134200,1760134199,59,ok,ok,ok,ok
crash-5,78,1760134859,2025-10-10T22:20:59+00:00,23550272,0x85888bbe62ef552f6215484720c6fe736cda3f7150e1d6d34b07dec2809cc162,1760134859,2025-10-10T22:20:59+00:00,0,23550273,1760134871,3887.443303,3811.559109,3901.003869,3890.48589,3894.61,-1.952,0.3488,0.1844,60,2316,1760134800,1760134799,59,ok,ok,ok,ok
crash-5,79,1760135459,2025-10-10T22:30:59+00:00,23550320,0x5512e5a9bbfa48947a535c4fbdf7562854e228379cce685f1301e22f9169e4ca,1760135459,2025-10-10T22:30:59+00:00,0,23550321,1760135471,3887.56746,3795.485532,3869.921886,3872.631644,3879.44,-2.3686,-0.4539,-0.2091,12,2916,1760135400,1760135399,59,ok,ok,ok,ok
crash-5,80,1760136059,2025-10-10T22:40:59+00:00,23550370,0xa09bd3d48c0eac59853d4ea90865fa5ad1580353ef8822ae30a793c9c7ad9aec,1760136059,2025-10-10T22:40:59+00:00,0,23550371,1760136071,3888.644217,3799.562964,3885.82034,3882.713082,3889.44,-2.2908,-0.0726,0.0205,120,3516,1760136000,1760135999,59,ok,ok,ok,ok
crash-5,81,1760136659,2025-10-10T22:50:59+00:00,23550420,0xd3658f48d04f580cde53b91394274903e99a367c1ddb1092940b0d76f20b5113,1760136659,2025-10-10T22:50:59+00:00,0,23550421,1760136671,3892.935297,3819.342018,3896.715338,3893.988728,3898.7,-1.8904,0.0971,0.1481,0,4116,1760136600,1760136599,59,ok,ok,ok,ok
crash-5,82,1760137259,2025-10-10T23:00:59+00:00,23550469,0xe50782adfb5ee63b29e61d4ce785f12cb3232ffdafa828db5f8c7c212cb33da7,1760137259,2025-10-10T23:00:59+00:00,0,23550470,1760137271,3861.569837,3837.614827,3860.259647,3862.576382,3866.43,-0.6203,-0.0339,0.1259,276,4716,1760137200,1760137199,59,ok,ok,ok,ok
crash-5,83,1760137859,2025-10-10T23:10:59+00:00,23550519,0x169103e7cd0ee81a13bec17d3950b0825bd7a74e7d5cc27fb3bb0c28b1275c03,1760137859,2025-10-10T23:10:59+00:00,0,23550520,1760137871,3857.272642,3828.601114,3849.851524,3842.544115,3852.19,-0.7433,-0.1924,-0.1318,276,5316,1760137800,1760137799,59,ok,ok,ok,ok
crash-5,84,1760138459,2025-10-10T23:20:59+00:00,23550569,0x7fefd20e65444c47dc2068626690d4cc2478d57256dcc2a0f36f333303c04eb2,1760138459,2025-10-10T23:20:59+00:00,0,23550570,1760138471,3852.135149,3829.372938,3848.311968,3850.236509,3850.01,-0.5909,-0.0992,-0.0552,180,5916,1760138400,1760138399,59,ok,ok,ok,ok
crash-5,85,1760139059,2025-10-10T23:30:59+00:00,23550618,0x680e53776dfe1dffc2b653f7ed2f2f526dbf4fc30b9fe373f57f64450d0d725f,1760139059,2025-10-10T23:30:59+00:00,0,23550619,1760139071,3887.45282,3849.903562,3874.955804,3878.832504,3873.25,-0.9659,-0.3215,-0.3654,216,6516,1760139000,1760138999,59,ok,ok,ok,ok
crash-5,86,1760139659,2025-10-10T23:40:59+00:00,23550668,0xadf0eae8f92c4a3ed1ebcc549409e0665a8833bac0bf9b14fff5e1ede3e9ff9f,1760139659,2025-10-10T23:40:59+00:00,0,23550669,1760139671,3907.571219,3865.802374,3902.174287,3915.072087,3911.7,-1.0689,-0.1381,0.1057,36,7116,1760139600,1760139599,59,ok,ok,ok,ok
crash-5,87,1760140259,2025-10-10T23:50:59+00:00,23550718,0xe40b4a15ae8ba7c9bdcf030ac58e0024103d351afb35ea3a9e3ce70fd3d820c1,1760140259,2025-10-10T23:50:59+00:00,0,23550719,1760140271,3863.521927,3850.046009,3883.101354,3866.054091,3858.26,-0.3488,0.5068,-0.1362,60,7716,1760140200,1760140199,59,ok,ok,ok,ok
crash-5,88,1760140859,2025-10-11T00:00:59+00:00,23550768,0x3f4fcc6b8bcb16c342971d9c025394522435acc6ccf6a96abbb6d384f2ad55b3,1760140859,2025-10-11T00:00:59+00:00,0,23550769,1760140871,3841.268077,3823.971277,3838.319852,3837.168586,3836.62,-0.4503,-0.0768,-0.121,360,8316,1760140800,1760140799,59,ok,ok,ok,ok
crash-5,89,1760141459,2025-10-11T00:10:59+00:00,23550817,0x05b4843299561f5f354d715d2694444208bf86cb4a7155ff216ef8f175781df9,1760141459,2025-10-11T00:10:59+00:00,0,23550818,1760141471,3861.189774,3847.416895,3873.793549,3878.056854,3881.52,-0.3567,0.3264,0.5265,396,8916,1760141400,1760141399,59,ok,ok,ok,ok
crash-5,90,1760142059,2025-10-11T00:20:59+00:00,23550867,0x44541cbfd45979099c6d6072e7fb8ab04fcb0c3e1b1f57cb56b60e6358e7c281,1760142059,2025-10-11T00:20:59+00:00,0,23550868,1760142071,3813.139572,3818.636342,3836.017666,3818.795227,3819.85,0.1442,0.6,0.176,96,9516,1760142000,1760141999,59,ok,ok,ok,ok
crash-5,91,1760142659,2025-10-11T00:30:59+00:00,23550917,0xc5e93c174dcbdc6744ca63cd2d4cc0147c27cf2938ef36b0bf95645a422089de,1760142659,2025-10-11T00:30:59+00:00,0,23550918,1760142671,3852.446784,3828.168156,3844.850218,3849.466577,3852.96,-0.6302,-0.1972,0.0133,60,10116,1760142600,1760142599,59,ok,ok,ok,ok
crash-5,92,1760143259,2025-10-11T00:40:59+00:00,23550967,0x3d29556173b75192dad4403e127dc6a6cb78826e3153b7244b448cb8d51bd9d0,1760143259,2025-10-11T00:40:59+00:00,0,23550968,1760143271,3831.065101,3829.655278,3845.234703,3844.850218,3841.37,-0.0368,0.3699,0.269,516,10716,1760143200,1760143199,59,ok,ok,ok,ok
crash-5,93,1760143859,2025-10-11T00:50:59+00:00,23551017,0x551cc96d119e809dc1bf06f91323cac6b8df170597867f615ded8c1a50cf0fcb,1760143859,2025-10-11T00:50:59+00:00,0,23551018,1760143871,3872.323286,3843.386437,3869.148017,3871.857234,3868.25,-0.7473,-0.082,-0.1052,180,11316,1760143800,1760143799,59,ok,ok,ok,ok
crash-5,94,1760144459,2025-10-11T01:00:59+00:00,23551066,0x56c017ceb22e95a073bc3610440c02163ee29ec6eb84cde6700333e5b38d0d1e,1760144459,2025-10-11T01:00:59+00:00,0,23551067,1760144471,3852.942805,3831.253658,3852.547228,3844.465772,3844.1,-0.5629,-0.0103,-0.2295,336,11916,1760144400,1760144399,59,ok,ok,ok,ok
crash-5,95,1760145059,2025-10-11T01:10:59+00:00,23551116,0x76da1727aad9160f0d565c13512998c731bccdb822e464d00fab4e568a23d24e,1760145059,2025-10-11T01:10:59+00:00,0,23551117,1760145071,3830.585055,3814.316147,3825.292375,3824.145017,3823.11,-0.4247,-0.1382,-0.1951,516,12516,1760145000,1760144999,59,ok,ok,ok,ok
crash-5,96,1760145659,2025-10-11T01:20:59+00:00,23551166,0x79759bd7920fb0666e5257cb8440470de8424f37ade1782358d89003df941e58,1760145659,2025-10-11T01:20:59+00:00,0,23551167,1760145671,3781.851509,3792.503964,3796.711424,3789.504881,3786.01,0.2817,0.3929,0.11,96,13116,1760145600,1760145599,59,ok,ok,ok,ok
crash-5,97,1760146259,2025-10-11T01:30:59+00:00,23551216,0x8dcffe4074cc458f34b4c9737e221a19726edc855ea16019f1d43fffcefc9873,1760146259,2025-10-11T01:30:59+00:00,0,23551217,1760146271,3781.851509,3778.424562,3773.623129,3772.868518,3771.1,-0.0906,-0.2176,-0.2843,696,13716,1760146200,1760146199,59,ok,ok,ok,ok
crash-5,98,1760146859,2025-10-11T01:40:59+00:00,23551266,0x0a030c271bdcd0d28a24a27c8e1b25d93d73ebba5fe89ef6548963c311a3c437,1760146859,2025-10-11T01:40:59+00:00,0,23551267,1760146871,3781.851509,3791.67829,3791.779152,3785.717459,3790.65,0.2598,0.2625,0.2327,1296,14316,1760146800,1760146799,59,ok,ok,ok,ok
crash-5,99,1760147459,2025-10-11T01:50:59+00:00,23551315,0x68e5ae9b4cddcd0879e8a613a676cb3fb760ea9c6de02752912faadced7eb0e4,1760147459,2025-10-11T01:50:59+00:00,0,23551316,1760147471,3758.361544,3774.93765,3763.824942,3758.183719,3761.23,0.441,0.1454,0.0763,480,14916,1760147400,1760147399,59,ok,ok,ok,ok
crash-5,100,1760148059,2025-10-11T02:00:59+00:00,23551365,0xf8e6955305e09505ff92cd342b660ee960a38f2da1941563a342d0e2b6358ae8,1760148059,2025-10-11T02:00:59+00:00,0,23551366,1760148071,3737.155546,3760.31601,3742.807477,3743.181758,3738.15,0.6197,0.1512,0.0266,396,15516,1760148000,1760147999,59,ok,ok,ok,ok
crash-5,101,1760148659,2025-10-11T02:10:59+00:00,23551415,0xf127de2262769fee090abc533061a22ccd3c80cab0e68f0ab92a44476bba564f,1760148659,2025-10-11T02:10:59+00:00,0,23551416,1760148671,3781.475498,3776.403716,3767.96722,3771.736883,3772.56,-0.1341,-0.3572,-0.2358,204,16116,1760148600,1760148599,59,ok,ok,ok,ok
crash-5,102,1760149259,2025-10-11T02:20:59+00:00,23551465,0x865841a70cdb8981dcc45f298d864054d74678e485025afe0a754177e99092ea,1760149259,2025-10-11T02:20:59+00:00,0,23551466,1760149271,3781.475498,3784.089811,3784.203551,3783.446823,3781.81,0.0691,0.0721,0.0088,804,16716,1760149200,1760149199,59,ok,ok,ok,ok
crash-5,103,1760149859,2025-10-11T02:30:59+00:00,23551515,0x48d339e9777855a1523915f6e6f623c2645c5823f25e7969e5f3b6d2bc5a2e61,1760149859,2025-10-11T02:30:59+00:00,0,23551516,1760149871,3809.729814,3802.923776,3813.452921,3812.690345,3811.59,-0.1786,0.0977,0.0488,420,17316,1760149800,1760149799,59,ok,ok,ok,ok
crash-5,104,1760150459,2025-10-11T02:40:59+00:00,23551565,0x941188cef4d2917eb230e131ccbe4750e3c53d3fcb34273618fdcf6e542aa8b8,1760150459,2025-10-11T02:40:59+00:00,0,23551566,1760150471,3828.948451,3813.97836,3829.119389,3831.417435,3833.32,-0.391,0.0045,0.1142,360,17916,1760150400,1760150399,59,ok,ok,ok,ok
crash-5,105,1760151059,2025-10-11T02:50:59+00:00,23551614,0x2033c4ba4c848a78c41b69fc4dbe437570a6fa360514d26ce63d88fdc3df83db,1760151059,2025-10-11T02:50:59+00:00,0,23551615,1760151071,3848.167554,3828.033414,3847.157705,3849.851524,3851.35,-0.5232,-0.0262,0.0827,384,18516,1760151000,1760150999,59,ok,ok,ok,ok
crash-5,106,1760151659,2025-10-11T03:00:59+00:00,23551664,0x2fced574ec4a682495a34675900382606c07569162b503d6cc59b99a5876b80c,1760151659,2025-10-11T03:00:59+00:00,0,23551665,1760151671,3848.167554,3829.16054,3847.157705,3846.388389,3846.39,-0.4939,-0.0262,-0.0462,984,19116,1760151600,1760151599,59,ok,ok,ok,ok
crash-5,107,1760152259,2025-10-11T03:10:59+00:00,23551713,0x22a52fc48e050d1544f022fbd09c6e552a153b60723850eb5914b6da54e9330a,1760152259,2025-10-11T03:10:59+00:00,0,23551714,1760152271,3804.727001,3809.771051,3812.309114,3797.850551,3801.02,0.1326,0.1993,-0.0974,60,19716,1760152200,1760152199,59,ok,ok,ok,ok
crash-5,108,1760152859,2025-10-11T03:20:59+00:00,23551763,0x2b5e451ccf01965fbc401847ed85d9ce64cb731f7c487a410aa91f198b7ad846,1760152859,2025-10-11T03:20:59+00:00,0,23551764,1760152871,3782.105373,3801.764062,3788.368256,3782.690247,3782.24,0.5198,0.1656,0.0036,24,20316,1760152800,1760152799,59,ok,ok,ok,ok
crash-5,109,1760153459,2025-10-11T03:30:59+00:00,23551813,0x0e92870e81d59f9eb55bf8c55ba415f6484a384b8e3026f69c7057bc074466f2,1760153459,2025-10-11T03:30:59+00:00,0,23551814,1760153471,3782.105373,3799.582209,3785.717459,3782.690247,3783.35,0.4621,0.0955,0.0329,624,20916,1760153400,1760153399,59,ok,ok,ok,ok
crash-5,110,1760154059,2025-10-11T03:40:59+00:00,23551863,0xca79a6fe673b92fdef4507848ce4f11fa08eba0951562dabdbc9eeed54eed6fd,1760154059,2025-10-11T03:40:59+00:00,0,23551864,1760154071,3782.105373,3787.876739,3772.491269,3769.097723,3770.08,0.1526,-0.2542,-0.318,1224,21516,1760154000,1760153999,59,ok,ok,ok,ok
crash-5,111,1760154659,2025-10-11T03:50:59+00:00,23551913,0x73aa434431b11448a5aa7a95547e98b137480f788b8094c11614429c068b7190,1760154659,2025-10-11T03:50:59+00:00,0,23551914,1760154671,3782.105373,3793.543738,3783.068517,3787.989457,3786.52,0.3024,0.0255,0.1167,1824,22116,1760154600,1760154599,59,ok,ok,ok,ok
crash-5,112,1760155259,2025-10-11T04:00:59+00:00,23551963,0x7cc95f57ebc0f3d0b043c18c681196028fd7d5ea0edf9aa04826229aecfb5a97,1760155259,2025-10-11T04:00:59+00:00,0,23551964,1760155271,3782.105373,3800.696381,3793.296091,3796.711424,3797.14,0.4916,0.2959,0.3975,2424,22716,1760155200,1760155199,59,ok,ok,ok,ok
crash-5,113,1760155859,2025-10-11T04:10:59+00:00,23552013,0xd68054e8dc4da20353d77c70cd6d513b416d55d3db5e56fcb5d6d05fdbc83e20,1760155859,2025-10-11T04:10:59+00:00,0,23552014,1760155871,3789.141274,3802.715403,3796.33179,3795.952195,3792.83,0.3582,0.1898,0.0973,240,23316,1760155800,1760155799,59,ok,ok,ok,ok
crash-5,114,1760156459,2025-10-11T04:20:59+00:00,23552062,0xab3819685d172d174c96d42f386b716de05d4f7f5a38d9cc70b3cb8408336d9b,1760156459,2025-10-11T04:20:59+00:00,0,23552063,1760156471,3813.896893,3813.149386,3816.886402,3818.413385,3819.17,-0.0196,0.0784,0.1383,240,23916,1760156400,1760156399,59,ok,ok,ok,ok
crash-5,115,1760157059,2025-10-11T04:30:59+00:00,23552111,0x7cce5f3e79e68d7ab4ae09e1ff31bb30baea9a1a1a63a0cdf1bd209d633fd927,1760157059,2025-10-11T04:30:59+00:00,0,23552112,1760157071,3813.896893,3811.995688,3807.35658,3814.978531,3815.38,-0.0498,-0.1715,0.0389,840,24516,1760157000,1760156999,59,ok,ok,ok,ok
crash-5,116,1760157659,2025-10-11T04:40:59+00:00,23552160,0xe5dcaca52bea70f5f35da6e8052f10db3eac1307e5f7ce9617ecdb0cb60a1e51,1760157659,2025-10-11T04:40:59+00:00,0,23552161,1760157671,3791.461727,3802.313111,3794.813637,3789.504881,3791.06,0.2862,0.0884,-0.0106,180,25116,1760157600,1760157599,59,ok,ok,ok,ok
crash-5,117,1760158259,2025-10-11T04:50:59+00:00,23552210,0x78b67da88f6f6a175e631172c72a9e60d58213365f72ac8f75dd91bff5b701d0,1760158259,2025-10-11T04:50:59+00:00,0,23552211,1760158271,3791.461727,3803.423643,3794.813637,3790.641846,3790.63,0.3155,0.0884,-0.0219,780,25716,1760158200,1760158199,59,ok,ok,ok,ok
crash-5,118,1760158859,2025-10-11T05:00:59+00:00,23552259,0x91fe4edc76b4800010b5895188e998d3df7cffee9c05439823b1e038c0380a15,1760158859,2025-10-11T05:00:59+00:00,0,23552260,1760158871,3814.839452,3818.068761,3819.177106,3824.145017,3826.2,0.0847,0.1137,0.2978,408,26316,1760158800,1760158799,59,ok,ok,ok,ok
crash-5,119,1760159459,2025-10-11T05:10:59+00:00,23552309,0xbd787ab76b8315d9733a5bee8fa13d6e8780be5e4b1639fae36a46e1c0f40d5f,1760159459,2025-10-11T05:10:59+00:00,0,23552310,1760159471,3814.839452,3819.457856,3821.851332,3818.795227,3816.67,0.1211,0.1838,0.048,1008,26916,1760159400,1760159399,59,ok,ok,ok,ok
crash-5,120,1760160059,2025-10-11T05:20:59+00:00,23552359,0x1c82486d75b36a61922a58923d8003749b786e9bf85d2ebf0abc159b41b17998,1760160059,2025-10-11T05:20:59+00:00,0,23552360,1760160071,3814.839452,3811.691972,3805.834018,3806.214601,3805.17,-0.0825,-0.2361,-0.2535,1608,27516,1760160000,1760159999,59,ok,ok,ok,ok
crash-5,121,1760160659,2025-10-11T05:30:59+00:00,23552408,0xdf9f3910b245e43cf90a79a0aeff4f1cb74cb60f11984c77253d4f970a1bbc6a,1760160659,2025-10-11T05:30:59+00:00,0,23552409,1760160671,3774.968879,3792.071843,3780.79947,3777.776191,3775.47,0.4531,0.1545,0.0133,144,28116,1760160600,1760160599,59,ok,ok,ok,ok
crash-5,122,1760161259,2025-10-11T05:40:59+00:00,23552458,0x2305d222be8dbd90e55fe3c773153705ae7fff91d313ab75ef160b75bbda558c,1760161259,2025-10-11T05:40:59+00:00,0,23552459,1760161271,3774.968879,3794.137437,3787.610696,3786.47464,3785.83,0.5078,0.3349,0.2877,744,28716,1760161200,1760161199,59,ok,ok,ok,ok
crash-5,123,1760161859,2025-10-11T05:50:59+00:00,23552508,0x0b048d406dcc8777bd2b1adcc6e7634e6ed99d2ca03c46301b99b6d467268e8a,1760161859,2025-10-11T05:50:59+00:00,0,23552509,1760161871,3794.458796,3803.890211,3795.572638,3803.931671,3803.23,0.2486,0.0294,0.2312,168,29316,1760161800,1760161799,59,ok,ok,ok,ok
crash-5,124,1760162459,2025-10-11T06:00:59+00:00,23552557,0x036d0bfb01bbad6cdcb9791d9a7e922cfe26ad8a51200d44b49d4b40250eaed8,1760162459,2025-10-11T06:00:59+00:00,0,23552558,1760162471,3794.458796,3802.524247,3799.369919,3795.572638,3793.98,0.2126,0.1294,-0.0126,768,29916,1760162400,1760162399,59,ok,ok,ok,ok
crash-5,125,1760163059,2025-10-11T06:10:59+00:00,23552607,0x9ac4624e29b87755183cb7e354f96a4f3cdf5b61d35ff598ec74a431347dc299,1760163059,2025-10-11T06:10:59+00:00,0,23552608,1760163071,3794.458796,3800.559473,3791.02091,3789.883831,3789.39,0.1608,-0.0906,-0.1336,1368,30516,1760163000,1760162999,59,ok,ok,ok,ok
crash-5,126,1760163659,2025-10-11T06:20:59+00:00,23552657,0x6f237af4e8999e48959c6af64ee5e0febee43ea2dcf0c396d6b7babf5b8e27ce,1760163659,2025-10-11T06:20:59+00:00,0,23552658,1760163671,3794.458796,3806.833696,3804.312064,3806.975882,3805.12,0.3261,0.2597,0.281,1968,31116,1760163600,1760163599,59,ok,ok,ok,ok
crash-5,127,1760164259,2025-10-11T06:30:59+00:00,23552707,0x37275f5ef641ff24fce093f5effebe62ed1073c707044b63a60989626cdb9946,1760164259,2025-10-11T06:30:59+00:00,0,23552708,1760164271,3794.458796,3808.251911,3807.35658,3808.118089,3807.86,0.3635,0.3399,0.3532,2568,31716,1760164200,1760164199,59,ok,ok,ok,ok
crash-5,128,1760164859,2025-10-11T06:40:59+00:00,23552757,0xa84d7a9762c5e72accc107ebe612daed642e8ed132cdadea9d9bd2589c2f78b1,1760164859,2025-10-11T06:40:59+00:00,0,23552758,1760164871,3794.458796,3802.423157,3795.572638,3791.400012,3789.82,0.2099,0.0294,-0.1223,3168,32316,1760164800,1760164799,59,ok,ok,ok,ok
crash-5,129,1760165459,2025-10-11T06:50:59+00:00,23552807,0x3ca5beec7e2cf7f780fb65912006de4ec0724509363aa71da0e372616eb000b6,1760165459,2025-10-11T06:50:59+00:00,0,23552808,1760165471,3791.470909,3800.048601,3792.537546,3787.989457,3786.68,0.2262,0.0281,-0.1264,144,32916,1760165400,1760165399,59,ok,ok,ok,ok
crash-5,130,1760166059,2025-10-11T07:00:59+00:00,23552856,0xf8a4e7fff33561c54b37ae9ba90b150e377c21684d43088d2f7c7f7c94038f07,1760166059,2025-10-11T07:00:59+00:00,0,23552857,1760166071,3791.470909,3794.355022,3783.068517,3783.825168,3786.59,0.0761,-0.2216,-0.1287,744,33516,1760166000,1760165999,59,ok,ok,ok,ok
crash-5,131,1760166659,2025-10-11T07:10:59+00:00,23552904,0x6b13e41065c406e9c56c7a5921badae6cf93b4124560613de072a1df6baff7f1,1760166659,2025-10-11T07:10:59+00:00,0,23552905,1760166671,3770.989574,3784.945527,3771.359748,3767.590461,3769.38,0.3701,0.0098,-0.0427,324,34116,1760166600,1760166599,59,ok,ok,ok,ok
crash-5,132,1760167259,2025-10-11T07:20:59+00:00,23552953,0x7c79ef027fb94acf4b8070b0c7983671111ff332c937c9c6c68f91affe22901b,1760167259,2025-10-11T07:20:59+00:00,0,23552954,1760167271,3770.989574,3785.616304,3771.736883,3765.707231,3764.36,0.3879,0.0198,-0.1758,924,34716,1760167200,1760167199,59,ok,ok,ok,ok
crash-5,133,1760167859,2025-10-11T07:30:59+00:00,23553002,0xf03819a62e0496928ce5931e4ff572dd1eabd43a3824c0eb257167c85232d63f,1760167859,2025-10-11T07:30:59+00:00,0,23553003,1760167871,3770.989574,3789.104251,3777.776191,3773.623129,3766.89,0.4804,0.18,-0.1087,1524,35316,1760167800,1760167799,59,ok,ok,ok,ok
crash-5,134,1760168459,2025-10-11T07:40:59+00:00,23553052,0x0c093172e8192f9f081122fb4eec552eecaaaea2c9b9e3efe05fdc4701d13845,1760168459,2025-10-11T07:40:59+00:00,0,23553053,1760168471,3770.989574,3778.712338,3758.183719,3755.554042,3756.31,0.2048,-0.3396,-0.3893,2124,35916,1760168400,1760168399,59,ok,ok,ok,ok
crash-5,135,1760169059,2025-10-11T07:50:59+00:00,23553102,0x68af82a01b10334dbaabd8801d86bdc42c00bfd7abe8706602f29f5ed1d61d82,1760169059,2025-10-11T07:50:59+00:00,0,23553103,1760169071,3747.554223,3771.112961,3760.063186,3752.55095,3748.98,0.6286,0.3338,0.038,36,36516,1760169000,1760168999,59,ok,ok,ok,ok
crash-5,136,1760169659,2025-10-11T08:00:59+00:00,23553152,0x9bf29a831787fd048d51f09cb1f901be01c2f6abde4a5fb1ceed7360b720e472,1760169659,2025-10-11T08:00:59+00:00,0,23553153,1760169671,3762.325054,3776.056194,3761.191318,3763.07229,3762.99,0.365,-0.0301,0.0177,24,24,1760169600,1760169599,59,ok,ok,ok,ok
crash-5,137,1760170259,2025-10-11T08:10:59+00:00,23553202,0x481ffaab21712d040b15fda52b41f0be4478f849871a9e2f2d0a88daf73b86f2,1760170259,2025-10-11T08:10:59+00:00,0,23553203,1760170271,3762.325054,3781.480545,3767.590461,3769.097723,3768.45,0.5091,0.14,0.1628,624,624,1760170200,1760170199,59,ok,ok,ok,ok
crash-5,138,1760170859,2025-10-11T08:20:59+00:00,23553251,0x52d1a3dc70de3c9283c0a9dc5b46c8168ad47e4907ac7bab9e42cf503ad80d68,1760170859,2025-10-11T08:20:59+00:00,0,23553252,1760170871,3809.45133,3807.671596,3797.470804,3806.595222,3802.07,-0.0467,-0.3145,-0.1938,24,1224,1760170800,1760170799,59,ok,ok,ok,ok
crash-5,139,1760171459,2025-10-11T08:30:59+00:00,23553301,0x5511d41dd0277e51d2fa76be16eeb82e2d4149025e470d2a03e1b8e9e3279cb1,1760171459,2025-10-11T08:30:59+00:00,0,23553302,1760171471,3809.45133,3809.89374,3806.595222,3804.692496,3805.51,0.0116,-0.075,-0.1035,624,1824,1760171400,1760171399,59,ok,ok,ok,ok
crash-5,140,1760172059,2025-10-11T08:40:59+00:00,23553351,0x1c511e0aa73af8d725373579d8d8d464f57d77bcc06f8f373a2ee425e2aece8e,1760172059,2025-10-11T08:40:59+00:00,0,23553352,1760172071,3809.45133,3809.764768,3803.170999,3802.79072,3801.32,0.0082,-0.1649,-0.2135,1224,2424,1760172000,1760171999,59,ok,ok,ok,ok
crash-5,141,1760172659,2025-10-11T08:50:59+00:00,23553401,0x3dcd939921f8ab5d2717bf73bb6affc0518b86d5c81912752961baec38f16e1f,1760172659,2025-10-11T08:50:59+00:00,0,23553402,1760172671,3809.45133,3817.757661,3821.851332,3823.380302,3822.69,0.218,0.3255,0.3475,1824,3024,1760172600,1760172599,59,ok,ok,ok,ok
crash-5,142,1760173259,2025-10-11T09:00:59+00:00,23553451,0x7c0f8a54bdfc5058287b17e2304cc4e12b6b2730f51b08df67c27788bfe0f607,1760173259,2025-10-11T09:00:59+00:00,0,23553452,1760173271,3809.45133,3817.185784,3821.469185,3820.705006,3819.06,0.203,0.3155,0.2522,2424,3624,1760173200,1760173199,59,ok,ok,ok,ok
crash-5,143,1760173859,2025-10-11T09:10:59+00:00,23553501,0x704ae8b79591ce023ff0a74e82cfe6e87ef9455633ce2618752a80808bb26016,1760173859,2025-10-11T09:10:59+00:00,0,23553502,1760173871,3828.885868,3835.120704,3840.239395,3848.696799,3846.17,0.1628,0.2965,0.4514,444,4224,1760173800,1760173799,59,ok,ok,ok,ok
crash-5,144,1760174459,2025-10-11T09:20:59+00:00,23553551,0xfb0feaf970e5d72475c099ebd06ae55006bc0ca7b441f00e712f0a34eceee38b,1760174459,2025-10-11T09:20:59+00:00,0,23553552,1760174471,3829.006538,3834.194576,3833.71686,3837.936058,3838.56,0.1355,0.123,0.2495,228,4824,1760174400,1760174399,59,ok,ok,ok,ok
